/* ASCII printable (32..127) subset of NotoSans Bold */
static unsigned char NotoSans_Bold_ttf[] = {
  0x00, 0x01, 0x00, 0x00, 0x00, 0x11, 0x01, 0x00, 0x00, 0x04, 0x00, 0x10,
  0x47, 0x44, 0x45, 0x46, 0x02, 0xff, 0x05, 0x7e, 0x00, 0x00, 0x4e, 0xb0,
  0x00, 0x00, 0x00, 0x50, 0x47, 0x50, 0x4f, 0x53, 0x28, 0xc0, 0x0f, 0x96,
  0x00, 0x00, 0x4f, 0x00, 0x00, 0x00, 0x06, 0xf2, 0x47, 0x53, 0x55, 0x42,
  0x39, 0x98, 0x34, 0xa6, 0x00, 0x00, 0x55, 0xf4, 0x00, 0x00, 0x01, 0x52,
  0x4f, 0x53, 0x2f, 0x32, 0x6a, 0x1b, 0x61, 0xd0, 0x00, 0x00, 0x3b, 0xcc,
  0x00, 0x00, 0x00, 0x60, 0x63, 0x6d, 0x61, 0x70, 0x00, 0x0c, 0x00, 0xd1,
  0x00, 0x00, 0x3c, 0x2c, 0x00, 0x00, 0x00, 0x34, 0x63, 0x76, 0x74, 0x20,
  0x41, 0xb6, 0x1e, 0xd4, 0x00, 0x00, 0x4b, 0x74, 0x00, 0x00, 0x01, 0x2c,
  0x66, 0x70, 0x67, 0x6d, 0x62, 0x2f, 0x0b, 0x83, 0x00, 0x00, 0x3c, 0x60,
  0x00, 0x00, 0x0e, 0x0c, 0x67, 0x61, 0x73, 0x70, 0x00, 0x00, 0x00, 0x10,
  0x00, 0x00, 0x4e, 0xa8, 0x00, 0x00, 0x00, 0x08, 0x67, 0x6c, 0x79, 0x66,
  0xe3, 0xce, 0x3d, 0xe1, 0x00, 0x00, 0x01, 0x1c, 0x00, 0x00, 0x37, 0x3c,
  0x68, 0x65, 0x61, 0x64, 0x1f, 0x9a, 0xa4, 0x95, 0x00, 0x00, 0x39, 0x84,
  0x00, 0x00, 0x00, 0x36, 0x68, 0x68, 0x65, 0x61, 0x0c, 0x9c, 0x07, 0xf5,
  0x00, 0x00, 0x3b, 0xa8, 0x00, 0x00, 0x00, 0x24, 0x68, 0x6d, 0x74, 0x78,
  0xf4, 0x9d, 0x12, 0x3d, 0x00, 0x00, 0x39, 0xbc, 0x00, 0x00, 0x01, 0xea,
  0x6c, 0x6f, 0x63, 0x61, 0xff, 0xd7, 0xf2, 0x4e, 0x00, 0x00, 0x38, 0x78,
  0x00, 0x00, 0x01, 0x0a, 0x6d, 0x61, 0x78, 0x70, 0x03, 0x68, 0x10, 0xf4,
  0x00, 0x00, 0x38, 0x58, 0x00, 0x00, 0x00, 0x20, 0x6e, 0x61, 0x6d, 0x65,
  0x23, 0xbf, 0x3c, 0x6f, 0x00, 0x00, 0x4c, 0xa0, 0x00, 0x00, 0x01, 0xe8,
  0x70, 0x6f, 0x73, 0x74, 0xff, 0x9f, 0x00, 0x32, 0x00, 0x00, 0x4e, 0x88,
  0x00, 0x00, 0x00, 0x20, 0x70, 0x72, 0x65, 0x70, 0x50, 0x47, 0x0f, 0xbf,
  0x00, 0x00, 0x4a, 0x6c, 0x00, 0x00, 0x01, 0x05, 0x00, 0x02, 0x00, 0x39,
  0xff, 0xf3, 0x00, 0xe4, 0x02, 0xca, 0x00, 0x03, 0x00, 0x0f, 0x00, 0x1f,
  0x40, 0x1c, 0x00, 0x00, 0x00, 0x01, 0x5f, 0x00, 0x01, 0x01, 0x6a, 0x4d,
  0x00, 0x02, 0x02, 0x03, 0x61, 0x00, 0x03, 0x03, 0x71, 0x03, 0x4e, 0x24,
  0x23, 0x11, 0x10, 0x04, 0x0d, 0x1a, 0x2b, 0x37, 0x23, 0x03, 0x33, 0x03,
  0x34, 0x36, 0x33, 0x32, 0x16, 0x15, 0x14, 0x06, 0x23, 0x22, 0x26, 0xcb,
  0x77, 0x19, 0xa9, 0xab, 0x32, 0x24, 0x23, 0x32, 0x32, 0x23, 0x24, 0x32,
  0xed, 0x01, 0xdd, 0xfd, 0x7c, 0x2e, 0x25, 0x25, 0x2e, 0x2c, 0x27, 0x27,
  0x00, 0x02, 0x00, 0x41, 0x01, 0xc8, 0x01, 0x97, 0x02, 0xca, 0x00, 0x03,
  0x00, 0x07, 0x00, 0x24, 0x40, 0x21, 0x02, 0x01, 0x00, 0x00, 0x01, 0x5f,
  0x05, 0x03, 0x04, 0x03, 0x01, 0x01, 0x6a, 0x00, 0x4e, 0x04, 0x04, 0x00,
  0x00, 0x04, 0x07, 0x04, 0x07, 0x06, 0x05, 0x00, 0x03, 0x00, 0x03, 0x11,
  0x06, 0x0d, 0x17, 0x2b, 0x13, 0x03, 0x23, 0x03, 0x21, 0x03, 0x23, 0x03,
  0xc9, 0x14, 0x60, 0x14, 0x01, 0x56, 0x14, 0x60, 0x14, 0x02, 0xca, 0xfe,
  0xfe, 0x01, 0x02, 0xfe, 0xfe, 0x01, 0x02, 0x00, 0x00, 0x02, 0x00, 0x16,
  0x00, 0x00, 0x02, 0x70, 0x02, 0xc9, 0x00, 0x1b, 0x00, 0x1f, 0x00, 0x47,
  0x40, 0x44, 0x0c, 0x0a, 0x02, 0x08, 0x0f, 0x10, 0x0d, 0x03, 0x07, 0x00,
  0x08, 0x07, 0x68, 0x0e, 0x06, 0x02, 0x00, 0x05, 0x03, 0x02, 0x01, 0x02,
  0x00, 0x01, 0x67, 0x0b, 0x01, 0x09, 0x09, 0x6a, 0x4d, 0x04, 0x01, 0x02,
  0x02, 0x6b, 0x02, 0x4e, 0x00, 0x00, 0x1f, 0x1e, 0x1d, 0x1c, 0x00, 0x1b,
  0x00, 0x1b, 0x1a, 0x19, 0x18, 0x17, 0x16, 0x15, 0x14, 0x13, 0x11, 0x11,
  0x11, 0x11, 0x11, 0x11, 0x11, 0x11, 0x11, 0x11, 0x0d, 0x1f, 0x2b, 0x01,
  0x07, 0x33, 0x15, 0x23, 0x07, 0x23, 0x37, 0x23, 0x07, 0x23, 0x37, 0x23,
  0x35, 0x33, 0x37, 0x23, 0x35, 0x33, 0x37, 0x33, 0x07, 0x33, 0x37, 0x33,
  0x07, 0x33, 0x15, 0x05, 0x33, 0x37, 0x23, 0x01, 0xe8, 0x17, 0x7e, 0x91,
  0x26, 0x6b, 0x26, 0x5f, 0x25, 0x69, 0x24, 0x74, 0x87, 0x17, 0x7b, 0x8d,
  0x26, 0x6b, 0x26, 0x61, 0x26, 0x69, 0x26, 0x75, 0xfe, 0x97, 0x60, 0x17,
  0x60, 0x01, 0x9c, 0x71, 0x65, 0xc6, 0xc6, 0xc6, 0xc6, 0x65, 0x71, 0x66,
  0xc7, 0xc7, 0xc7, 0xc7, 0x66, 0x71, 0x71, 0x00, 0x00, 0x03, 0x00, 0x2b,
  0xff, 0xc6, 0x02, 0x15, 0x02, 0xf7, 0x00, 0x22, 0x00, 0x28, 0x00, 0x2e,
  0x00, 0x3f, 0x40, 0x3c, 0x2e, 0x29, 0x28, 0x23, 0x19, 0x18, 0x15, 0x14,
  0x08, 0x04, 0x0a, 0x01, 0x03, 0x20, 0x03, 0x02, 0x00, 0x01, 0x02, 0x4c,
  0x0f, 0x01, 0x03, 0x01, 0x4b, 0x00, 0x03, 0x02, 0x01, 0x02, 0x03, 0x01,
  0x80, 0x00, 0x01, 0x00, 0x00, 0x04, 0x01, 0x00, 0x69, 0x00, 0x04, 0x04,
  0x02, 0x5f, 0x00, 0x02, 0x02, 0x6c, 0x04, 0x4e, 0x1e, 0x11, 0x19, 0x15,
  0x10, 0x05, 0x0d, 0x1b, 0x2b, 0x37, 0x26, 0x26, 0x27, 0x35, 0x16, 0x16,
  0x17, 0x35, 0x2e, 0x02, 0x35, 0x34, 0x36, 0x37, 0x35, 0x33, 0x15, 0x16,
  0x17, 0x07, 0x26, 0x26, 0x27, 0x15, 0x1e, 0x02, 0x15, 0x14, 0x06, 0x07,
  0x15, 0x23, 0x11, 0x06, 0x15, 0x14, 0x16, 0x17, 0x13, 0x36, 0x35, 0x34,
  0x26, 0x27, 0xfd, 0x41, 0x66, 0x2a, 0x29, 0x74, 0x34, 0x4d, 0x5d, 0x28,
  0x75, 0x5d, 0x43, 0x6f, 0x5b, 0x2e, 0x28, 0x51, 0x23, 0x36, 0x62, 0x3d,
  0x6a, 0x6b, 0x43, 0x3f, 0x1e, 0x21, 0x43, 0x42, 0x21, 0x21, 0x28, 0x02,
  0x15, 0x13, 0x81, 0x14, 0x21, 0x03, 0x97, 0x1e, 0x39, 0x46, 0x31, 0x4b,
  0x59, 0x08, 0x4b, 0x49, 0x04, 0x29, 0x72, 0x11, 0x12, 0x03, 0x90, 0x14,
  0x2f, 0x48, 0x3b, 0x49, 0x62, 0x0a, 0x64, 0x02, 0x6d, 0x09, 0x2a, 0x15,
  0x1c, 0x0f, 0xfe, 0xde, 0x0c, 0x2e, 0x14, 0x1d, 0x0f, 0x00, 0x00, 0x05,
  0x00, 0x1f, 0xff, 0xf7, 0x03, 0x66, 0x02, 0xd4, 0x00, 0x0b, 0x00, 0x0f,
  0x00, 0x17, 0x00, 0x23, 0x00, 0x2b, 0x00, 0xd2, 0x4b, 0xb0, 0x19, 0x50,
  0x58, 0x40, 0x2c, 0x0d, 0x01, 0x06, 0x0e, 0x01, 0x08, 0x01, 0x06, 0x08,
  0x6a, 0x00, 0x05, 0x00, 0x01, 0x09, 0x05, 0x01, 0x69, 0x0c, 0x01, 0x04,
  0x04, 0x00, 0x61, 0x0b, 0x03, 0x0a, 0x03, 0x00, 0x00, 0x70, 0x4d, 0x00,
  0x09, 0x09, 0x02, 0x61, 0x07, 0x01, 0x02, 0x02, 0x6b, 0x02, 0x4e, 0x1b,
  0x4b, 0xb0, 0x1a, 0x50, 0x58, 0x40, 0x30, 0x0d, 0x01, 0x06, 0x0e, 0x01,
  0x08, 0x01, 0x06, 0x08, 0x6a, 0x00, 0x05, 0x00, 0x01, 0x09, 0x05, 0x01,
  0x69, 0x0b, 0x01, 0x03, 0x03, 0x6a, 0x4d, 0x0c, 0x01, 0x04, 0x04, 0x00,
  0x61, 0x0a, 0x01, 0x00, 0x00, 0x70, 0x4d, 0x00, 0x09, 0x09, 0x02, 0x61,
  0x07, 0x01, 0x02, 0x02, 0x6b, 0x02, 0x4e, 0x1b, 0x40, 0x34, 0x0d, 0x01,
  0x06, 0x0e, 0x01, 0x08, 0x01, 0x06, 0x08, 0x6a, 0x00, 0x05, 0x00, 0x01,
  0x09, 0x05, 0x01, 0x69, 0x0b, 0x01, 0x03, 0x03, 0x6a, 0x4d, 0x0c, 0x01,
  0x04, 0x04, 0x00, 0x61, 0x0a, 0x01, 0x00, 0x00, 0x70, 0x4d, 0x00, 0x02,
  0x02, 0x6b, 0x4d, 0x00, 0x09, 0x09, 0x07, 0x61, 0x00, 0x07, 0x07, 0x71,
  0x07, 0x4e, 0x59, 0x59, 0x40, 0x2b, 0x25, 0x24, 0x19, 0x18, 0x11, 0x10,
  0x0c, 0x0c, 0x01, 0x00, 0x29, 0x27, 0x24, 0x2b, 0x25, 0x2b, 0x1f, 0x1d,
  0x18, 0x23, 0x19, 0x23, 0x15, 0x13, 0x10, 0x17, 0x11, 0x17, 0x0c, 0x0f,
  0x0c, 0x0f, 0x0e, 0x0d, 0x07, 0x05, 0x00, 0x0b, 0x01, 0x0b, 0x0f, 0x0d,
  0x16, 0x2b, 0x13, 0x32, 0x16, 0x15, 0x14, 0x06, 0x23, 0x22, 0x26, 0x35,
  0x34, 0x36, 0x05, 0x01, 0x23, 0x01, 0x05, 0x22, 0x15, 0x14, 0x33, 0x32,
  0x35, 0x34, 0x05, 0x32, 0x16, 0x15, 0x14, 0x06, 0x23, 0x22, 0x26, 0x35,
  0x34, 0x36, 0x17, 0x22, 0x15, 0x14, 0x33, 0x32, 0x35, 0x34, 0xc7, 0x54,
  0x57, 0x52, 0x59, 0x52, 0x56, 0x50, 0x02, 0x53, 0xfe, 0x74, 0x75, 0x01,
  0x8c, 0xfe, 0x7b, 0x2e, 0x2e, 0x2f, 0x01, 0xc4, 0x54, 0x57, 0x52, 0x59,
  0x52, 0x56, 0x50, 0x59, 0x2e, 0x2e, 0x2f, 0x02, 0xd4, 0x75, 0x6a, 0x6a,
  0x77, 0x77, 0x6a, 0x6a, 0x75, 0x0a, 0xfd, 0x36, 0x02, 0xca, 0x5c, 0x7a,
  0x7b, 0x7b, 0x7a, 0xb7, 0x75, 0x6a, 0x6a, 0x77, 0x77, 0x6a, 0x6a, 0x75,
  0x66, 0x7a, 0x7b, 0x7b, 0x7a, 0x00, 0x00, 0x03, 0x00, 0x28, 0xff, 0xf6,
  0x02, 0xee, 0x02, 0xd4, 0x00, 0x21, 0x00, 0x2d, 0x00, 0x37, 0x00, 0x7d,
  0x40, 0x12, 0x28, 0x1b, 0x02, 0x01, 0x04, 0x37, 0x0f, 0x08, 0x07, 0x04,
  0x05, 0x01, 0x12, 0x01, 0x02, 0x05, 0x03, 0x4c, 0x4b, 0xb0, 0x19, 0x50,
  0x58, 0x40, 0x23, 0x07, 0x01, 0x04, 0x04, 0x00, 0x61, 0x06, 0x01, 0x00,
  0x00, 0x70, 0x4d, 0x00, 0x01, 0x01, 0x02, 0x61, 0x03, 0x01, 0x02, 0x02,
  0x6b, 0x4d, 0x00, 0x05, 0x05, 0x02, 0x61, 0x03, 0x01, 0x02, 0x02, 0x6b,
  0x02, 0x4e, 0x1b, 0x40, 0x21, 0x07, 0x01, 0x04, 0x04, 0x00, 0x61, 0x06,
  0x01, 0x00, 0x00, 0x70, 0x4d, 0x00, 0x01, 0x01, 0x02, 0x5f, 0x00, 0x02,
  0x02, 0x6b, 0x4d, 0x00, 0x05, 0x05, 0x03, 0x61, 0x00, 0x03, 0x03, 0x71,
  0x03, 0x4e, 0x59, 0x40, 0x17, 0x23, 0x22, 0x01, 0x00, 0x35, 0x33, 0x22,
  0x2d, 0x23, 0x2d, 0x16, 0x14, 0x11, 0x10, 0x0c, 0x0b, 0x00, 0x21, 0x01,
  0x21, 0x08, 0x0d, 0x16, 0x2b, 0x01, 0x32, 0x16, 0x16, 0x15, 0x14, 0x06,
  0x07, 0x17, 0x36, 0x36, 0x37, 0x33, 0x06, 0x06, 0x07, 0x17, 0x23, 0x27,
  0x06, 0x06, 0x23, 0x22, 0x26, 0x35, 0x34, 0x36, 0x37, 0x26, 0x26, 0x35,
  0x34, 0x36, 0x36, 0x17, 0x22, 0x06, 0x15, 0x14, 0x16, 0x17, 0x36, 0x36,
  0x35, 0x34, 0x26, 0x03, 0x06, 0x06, 0x15, 0x14, 0x16, 0x33, 0x32, 0x36,
  0x37, 0x01, 0x36, 0x3a, 0x5a, 0x34, 0x52, 0x3d, 0x8b, 0x14, 0x1e, 0x0a,
  0x9b, 0x0f, 0x3a, 0x2d, 0x93, 0xb8, 0x38, 0x2b, 0x6a, 0x3e, 0x7a, 0x89,
  0x46, 0x3d, 0x27, 0x1f, 0x35, 0x5f, 0x3c, 0x19, 0x2d, 0x19, 0x15, 0x2a,
  0x2d, 0x28, 0x4a, 0x1c, 0x21, 0x40, 0x30, 0x20, 0x38, 0x17, 0x02, 0xd4,
  0x24, 0x45, 0x32, 0x45, 0x5e, 0x23, 0x87, 0x22, 0x4b, 0x26, 0x38, 0x80,
  0x38, 0x8f, 0x37, 0x1e, 0x23, 0x70, 0x5b, 0x4c, 0x5b, 0x23, 0x2d, 0x4c,
  0x2b, 0x33, 0x4a, 0x28, 0x73, 0x19, 0x23, 0x19, 0x2e, 0x18, 0x17, 0x2e,
  0x1e, 0x1e, 0x1a, 0xfe, 0xd1, 0x15, 0x2f, 0x1f, 0x2b, 0x31, 0x10, 0x0e,
  0x00, 0x01, 0x00, 0x41, 0x01, 0xc8, 0x00, 0xc9, 0x02, 0xca, 0x00, 0x03,
  0x00, 0x19, 0x40, 0x16, 0x00, 0x00, 0x00, 0x01, 0x5f, 0x02, 0x01, 0x01,
  0x01, 0x6a, 0x00, 0x4e, 0x00, 0x00, 0x00, 0x03, 0x00, 0x03, 0x11, 0x03,
  0x0d, 0x17, 0x2b, 0x13, 0x03, 0x23, 0x03, 0xc9, 0x14, 0x60, 0x14, 0x02,
  0xca, 0xfe, 0xfe, 0x01, 0x02, 0x00, 0x00, 0x01, 0x00, 0x28, 0xff, 0x62,
  0x01, 0x35, 0x02, 0xca, 0x00, 0x0d, 0x00, 0x13, 0x40, 0x10, 0x00, 0x01,
  0x01, 0x00, 0x5f, 0x00, 0x00, 0x00, 0x6a, 0x01, 0x4e, 0x16, 0x13, 0x02,
  0x0d, 0x18, 0x2b, 0x13, 0x34, 0x36, 0x37, 0x33, 0x06, 0x06, 0x15, 0x14,
  0x16, 0x17, 0x23, 0x26, 0x26, 0x28, 0x47, 0x4c, 0x7a, 0x44, 0x47, 0x47,
  0x43, 0x79, 0x4c, 0x47, 0x01, 0x12, 0x7a, 0xe3, 0x5b, 0x5e, 0xe2, 0x77,
  0x74, 0xe1, 0x5c, 0x58, 0xdf, 0x00, 0x00, 0x01, 0x00, 0x1e, 0xff, 0x62,
  0x01, 0x2b, 0x02, 0xca, 0x00, 0x0d, 0x00, 0x13, 0x40, 0x10, 0x00, 0x00,
  0x00, 0x01, 0x5f, 0x00, 0x01, 0x01, 0x6a, 0x00, 0x4e, 0x16, 0x13, 0x02,
  0x0d, 0x18, 0x2b, 0x01, 0x14, 0x06, 0x07, 0x23, 0x36, 0x36, 0x35, 0x34,
  0x26, 0x27, 0x33, 0x16, 0x16, 0x01, 0x2b, 0x47, 0x4c, 0x79, 0x44, 0x46,
  0x47, 0x44, 0x7a, 0x4c, 0x47, 0x01, 0x12, 0x79, 0xdf, 0x58, 0x5c, 0xe1,
  0x74, 0x77, 0xe2, 0x5e, 0x5b, 0xe3, 0x00, 0x01, 0x00, 0x1f, 0x01, 0x24,
  0x02, 0x02, 0x02, 0xf8, 0x00, 0x0e, 0x00, 0x23, 0x40, 0x20, 0x0d, 0x0c,
  0x0b, 0x0a, 0x09, 0x08, 0x07, 0x06, 0x05, 0x04, 0x03, 0x02, 0x01, 0x0d,
  0x00, 0x49, 0x01, 0x01, 0x00, 0x00, 0x6c, 0x00, 0x4e, 0x00, 0x00, 0x00,
  0x0e, 0x00, 0x0e, 0x02, 0x0d, 0x16, 0x2b, 0x01, 0x07, 0x37, 0x17, 0x07,
  0x17, 0x07, 0x27, 0x07, 0x27, 0x37, 0x27, 0x37, 0x17, 0x27, 0x01, 0x50,
  0x14, 0xb6, 0x10, 0xa6, 0x6d, 0x6f, 0x4c, 0x43, 0x73, 0x6c, 0xa5, 0x13,
  0xb2, 0x14, 0x02, 0xf8, 0xb4, 0x33, 0x7b, 0x0c, 0x91, 0x3b, 0x99, 0x98,
  0x3a, 0x91, 0x0d, 0x7a, 0x33, 0xb4, 0x00, 0x01, 0x00, 0x2b, 0x00, 0x6f,
  0x02, 0x10, 0x02, 0x54, 0x00, 0x0b, 0x00, 0x26, 0x40, 0x23, 0x00, 0x05,
  0x00, 0x02, 0x05, 0x57, 0x04, 0x01, 0x00, 0x03, 0x01, 0x01, 0x02, 0x00,
  0x01, 0x67, 0x00, 0x05, 0x05, 0x02, 0x5f, 0x00, 0x02, 0x05, 0x02, 0x4f,
  0x11, 0x11, 0x11, 0x11, 0x11, 0x10, 0x06, 0x0d, 0x1c, 0x2b, 0x01, 0x33,
  0x15, 0x23, 0x15, 0x23, 0x35, 0x23, 0x35, 0x33, 0x35, 0x33, 0x01, 0x53,
  0xbd, 0xbd, 0x6b, 0xbd, 0xbd, 0x6b, 0x01, 0x96, 0x6b, 0xbc, 0xbc, 0x6b,
  0xbe, 0x00, 0x00, 0x01, 0x00, 0x1f, 0xff, 0x7f, 0x00, 0xe0, 0x00, 0x74,
  0x00, 0x08, 0x00, 0x18, 0x40, 0x15, 0x00, 0x01, 0x00, 0x00, 0x01, 0x57,
  0x00, 0x01, 0x01, 0x00, 0x5f, 0x00, 0x00, 0x01, 0x00, 0x4f, 0x13, 0x13,
  0x02, 0x0d, 0x18, 0x2b, 0x37, 0x06, 0x06, 0x07, 0x23, 0x36, 0x36, 0x37,
  0x33, 0xe0, 0x0d, 0x30, 0x19, 0x6b, 0x0e, 0x1c, 0x07, 0x89, 0x69, 0x35,
  0x7e, 0x37, 0x3b, 0x86, 0x34, 0x00, 0x00, 0x01, 0x00, 0x1e, 0x00, 0xcf,
  0x01, 0x24, 0x01, 0x49, 0x00, 0x03, 0x00, 0x1e, 0x40, 0x1b, 0x00, 0x00,
  0x01, 0x01, 0x00, 0x57, 0x00, 0x00, 0x00, 0x01, 0x5f, 0x02, 0x01, 0x01,
  0x00, 0x01, 0x4f, 0x00, 0x00, 0x00, 0x03, 0x00, 0x03, 0x11, 0x03, 0x0d,
  0x17, 0x2b, 0x37, 0x35, 0x21, 0x15, 0x1e, 0x01, 0x06, 0xcf, 0x7a, 0x7a,
  0x00, 0x01, 0x00, 0x39, 0xff, 0xf3, 0x00, 0xe4, 0x00, 0x99, 0x00, 0x0b,
  0x00, 0x13, 0x40, 0x10, 0x00, 0x00, 0x00, 0x01, 0x61, 0x00, 0x01, 0x01,
  0x71, 0x01, 0x4e, 0x24, 0x22, 0x02, 0x0d, 0x18, 0x2b, 0x37, 0x34, 0x36,
  0x33, 0x32, 0x16, 0x15, 0x14, 0x06, 0x23, 0x22, 0x26, 0x39, 0x32, 0x24,
  0x23, 0x32, 0x32, 0x23, 0x24, 0x32, 0x46, 0x2e, 0x25, 0x25, 0x2e, 0x2c,
  0x27, 0x27, 0x00, 0x01, 0x00, 0x07, 0x00, 0x00, 0x01, 0x98, 0x02, 0xca,
  0x00, 0x03, 0x00, 0x19, 0x40, 0x16, 0x02, 0x01, 0x01, 0x01, 0x6a, 0x4d,
  0x00, 0x00, 0x00, 0x6b, 0x00, 0x4e, 0x00, 0x00, 0x00, 0x03, 0x00, 0x03,
  0x11, 0x03, 0x0d, 0x17, 0x2b, 0x01, 0x01, 0x23, 0x01, 0x01, 0x98, 0xfe,
  0xf6, 0x87, 0x01, 0x0a, 0x02, 0xca, 0xfd, 0x36, 0x02, 0xca, 0x00, 0x02,
  0x00, 0x24, 0xff, 0xf6, 0x02, 0x17, 0x02, 0xd5, 0x00, 0x0d, 0x00, 0x19,
  0x00, 0x1f, 0x40, 0x1c, 0x00, 0x03, 0x03, 0x01, 0x61, 0x00, 0x01, 0x01,
  0x70, 0x4d, 0x00, 0x02, 0x02, 0x00, 0x61, 0x00, 0x00, 0x00, 0x71, 0x00,
  0x4e, 0x24, 0x24, 0x25, 0x23, 0x04, 0x0d, 0x1a, 0x2b, 0x01, 0x14, 0x06,
  0x06, 0x23, 0x22, 0x26, 0x35, 0x34, 0x36, 0x36, 0x33, 0x32, 0x16, 0x05,
  0x14, 0x16, 0x33, 0x32, 0x36, 0x35, 0x34, 0x26, 0x23, 0x22, 0x06, 0x02,
  0x17, 0x31, 0x6d, 0x5c, 0x81, 0x78, 0x30, 0x6e, 0x5b, 0x80, 0x7a, 0xfe,
  0xa3, 0x2a, 0x39, 0x38, 0x2c, 0x2c, 0x38, 0x39, 0x2a, 0x01, 0x65, 0x73,
  0xa4, 0x58, 0xc3, 0xac, 0x74, 0xa4, 0x58, 0xc2, 0xae, 0x7a, 0x7b, 0x7a,
  0x7b, 0x7a, 0x7c, 0x7c, 0x00, 0x01, 0x00, 0x3b, 0x00, 0x00, 0x01, 0x9d,
  0x02, 0xca, 0x00, 0x0c, 0x00, 0x1b, 0x40, 0x18, 0x0a, 0x09, 0x05, 0x03,
  0x00, 0x01, 0x01, 0x4c, 0x00, 0x01, 0x01, 0x6a, 0x4d, 0x00, 0x00, 0x00,
  0x6b, 0x00, 0x4e, 0x1a, 0x10, 0x02, 0x0d, 0x18, 0x2b, 0x21, 0x23, 0x11,
  0x34, 0x36, 0x37, 0x06, 0x06, 0x07, 0x07, 0x27, 0x37, 0x33, 0x01, 0x9d,
  0x97, 0x03, 0x01, 0x05, 0x21, 0x0e, 0x52, 0x49, 0xe6, 0x7c, 0x01, 0x9d,
  0x1a, 0x54, 0x20, 0x06, 0x1f, 0x0c, 0x42, 0x5b, 0xb7, 0x00, 0x00, 0x01,
  0x00, 0x26, 0x00, 0x00, 0x02, 0x1b, 0x02, 0xd4, 0x00, 0x1d, 0x00, 0x2d,
  0x40, 0x2a, 0x0e, 0x01, 0x01, 0x02, 0x0d, 0x01, 0x03, 0x01, 0x02, 0x01,
  0x00, 0x03, 0x03, 0x4c, 0x00, 0x01, 0x01, 0x02, 0x61, 0x00, 0x02, 0x02,
  0x70, 0x4d, 0x00, 0x03, 0x03, 0x00, 0x5f, 0x00, 0x00, 0x00, 0x6b, 0x00,
  0x4e, 0x28, 0x26, 0x28, 0x10, 0x04, 0x0d, 0x1a, 0x2b, 0x21, 0x21, 0x35,
  0x37, 0x3e, 0x02, 0x35, 0x34, 0x26, 0x23, 0x22, 0x06, 0x07, 0x27, 0x3e,
  0x02, 0x33, 0x32, 0x16, 0x16, 0x15, 0x14, 0x06, 0x06, 0x07, 0x07, 0x15,
  0x21, 0x02, 0x1b, 0xfe, 0x0d, 0xb3, 0x36, 0x42, 0x1e, 0x2f, 0x28, 0x29,
  0x4e, 0x2b, 0x52, 0x1f, 0x45, 0x5b, 0x40, 0x46, 0x65, 0x37, 0x2f, 0x59,
  0x3f, 0x5c, 0x01, 0x37, 0x69, 0xb5, 0x38, 0x4b, 0x3d, 0x23, 0x2b, 0x2a,
  0x26, 0x23, 0x61, 0x1b, 0x2e, 0x1d, 0x33, 0x57, 0x37, 0x3b, 0x62, 0x60,
  0x3a, 0x56, 0x07, 0x00, 0x00, 0x01, 0x00, 0x26, 0xff, 0xf6, 0x02, 0x14,
  0x02, 0xd4, 0x00, 0x2b, 0x00, 0x3f, 0x40, 0x3c, 0x26, 0x01, 0x04, 0x05,
  0x25, 0x01, 0x03, 0x04, 0x03, 0x01, 0x02, 0x03, 0x0e, 0x01, 0x01, 0x02,
  0x0d, 0x01, 0x00, 0x01, 0x05, 0x4c, 0x00, 0x03, 0x00, 0x02, 0x01, 0x03,
  0x02, 0x69, 0x00, 0x04, 0x04, 0x05, 0x61, 0x00, 0x05, 0x05, 0x70, 0x4d,
  0x00, 0x01, 0x01, 0x00, 0x61, 0x00, 0x00, 0x00, 0x71, 0x00, 0x4e, 0x25,
  0x25, 0x21, 0x25, 0x24, 0x2a, 0x06, 0x0d, 0x1c, 0x2b, 0x01, 0x14, 0x06,
  0x07, 0x15, 0x16, 0x16, 0x15, 0x14, 0x06, 0x06, 0x23, 0x22, 0x27, 0x35,
  0x16, 0x16, 0x33, 0x32, 0x36, 0x35, 0x34, 0x26, 0x26, 0x23, 0x23, 0x35,
  0x33, 0x32, 0x36, 0x36, 0x35, 0x34, 0x26, 0x23, 0x22, 0x06, 0x07, 0x27,
  0x36, 0x36, 0x33, 0x32, 0x16, 0x01, 0xff, 0x59, 0x41, 0x56, 0x59, 0x3d,
  0x7f, 0x64, 0x74, 0x5a, 0x2e, 0x65, 0x2b, 0x51, 0x41, 0x1e, 0x4b, 0x43,
  0x36, 0x37, 0x42, 0x45, 0x19, 0x2f, 0x37, 0x33, 0x4b, 0x1a, 0x46, 0x2a,
  0x71, 0x4e, 0x6e, 0x81, 0x02, 0x2a, 0x4a, 0x58, 0x10, 0x03, 0x0a, 0x54,
  0x47, 0x3e, 0x63, 0x39, 0x27, 0x80, 0x17, 0x18, 0x38, 0x33, 0x1e, 0x29,
  0x15, 0x74, 0x19, 0x2b, 0x1c, 0x26, 0x2b, 0x23, 0x11, 0x68, 0x1e, 0x28,
  0x59, 0x00, 0x00, 0x02, 0x00, 0x11, 0x00, 0x00, 0x02, 0x2b, 0x02, 0xca,
  0x00, 0x0a, 0x00, 0x15, 0x00, 0x27, 0x40, 0x24, 0x06, 0x01, 0x00, 0x04,
  0x01, 0x4c, 0x05, 0x01, 0x04, 0x02, 0x01, 0x00, 0x01, 0x04, 0x00, 0x67,
  0x00, 0x03, 0x03, 0x6a, 0x4d, 0x00, 0x01, 0x01, 0x6b, 0x01, 0x4e, 0x1a,
  0x11, 0x12, 0x11, 0x11, 0x10, 0x06, 0x0d, 0x1c, 0x2b, 0x25, 0x23, 0x15,
  0x23, 0x35, 0x21, 0x35, 0x01, 0x33, 0x11, 0x33, 0x27, 0x34, 0x36, 0x36,
  0x37, 0x23, 0x06, 0x06, 0x07, 0x07, 0x33, 0x02, 0x2b, 0x56, 0x93, 0xfe,
  0xcf, 0x01, 0x39, 0x8b, 0x56, 0xe9, 0x02, 0x03, 0x01, 0x04, 0x09, 0x14,
  0x0e, 0x83, 0xac, 0x94, 0x94, 0x94, 0x69, 0x01, 0xcd, 0xfe, 0x3f, 0x79,
  0x17, 0x42, 0x39, 0x09, 0x14, 0x26, 0x14, 0xc6, 0x00, 0x01, 0x00, 0x31,
  0xff, 0xf6, 0x02, 0x0e, 0x02, 0xca, 0x00, 0x1e, 0x00, 0x44, 0x40, 0x41,
  0x1c, 0x17, 0x02, 0x03, 0x00, 0x16, 0x0b, 0x02, 0x02, 0x03, 0x0a, 0x01,
  0x01, 0x02, 0x03, 0x4c, 0x06, 0x01, 0x00, 0x00, 0x03, 0x02, 0x00, 0x03,
  0x69, 0x00, 0x05, 0x05, 0x04, 0x5f, 0x00, 0x04, 0x04, 0x6a, 0x4d, 0x00,
  0x02, 0x02, 0x01, 0x61, 0x00, 0x01, 0x01, 0x71, 0x01, 0x4e, 0x01, 0x00,
  0x1b, 0x1a, 0x19, 0x18, 0x14, 0x12, 0x0f, 0x0d, 0x08, 0x06, 0x00, 0x1e,
  0x01, 0x1e, 0x07, 0x0d, 0x16, 0x2b, 0x01, 0x32, 0x16, 0x16, 0x15, 0x14,
  0x06, 0x23, 0x22, 0x26, 0x27, 0x35, 0x16, 0x16, 0x33, 0x32, 0x36, 0x35,
  0x34, 0x23, 0x22, 0x06, 0x07, 0x27, 0x13, 0x21, 0x15, 0x23, 0x07, 0x36,
  0x36, 0x01, 0x2c, 0x41, 0x66, 0x3b, 0x90, 0x8d, 0x38, 0x63, 0x25, 0x25,
  0x68, 0x2e, 0x43, 0x47, 0x8f, 0x1c, 0x3c, 0x14, 0x3c, 0x1b, 0x01, 0x83,
  0xff, 0x0d, 0x11, 0x27, 0x01, 0xc8, 0x32, 0x60, 0x47, 0x74, 0x85, 0x14,
  0x13, 0x82, 0x13, 0x1b, 0x37, 0x3a, 0x6c, 0x0b, 0x05, 0x20, 0x01, 0x6c,
  0x80, 0x8c, 0x03, 0x07, 0x00, 0x02, 0x00, 0x23, 0xff, 0xf6, 0x02, 0x1b,
  0x02, 0xd2, 0x00, 0x1e, 0x00, 0x2c, 0x00, 0x69, 0x40, 0x0e, 0x09, 0x01,
  0x01, 0x00, 0x0a, 0x01, 0x02, 0x01, 0x11, 0x01, 0x05, 0x02, 0x03, 0x4c,
  0x4b, 0xb0, 0x0a, 0x50, 0x58, 0x40, 0x1e, 0x00, 0x02, 0x00, 0x05, 0x04,
  0x02, 0x05, 0x69, 0x00, 0x01, 0x01, 0x00, 0x61, 0x00, 0x00, 0x00, 0x6a,
  0x4d, 0x06, 0x01, 0x04, 0x04, 0x03, 0x61, 0x00, 0x03, 0x03, 0x71, 0x03,
  0x4e, 0x1b, 0x40, 0x1e, 0x00, 0x02, 0x00, 0x05, 0x04, 0x02, 0x05, 0x69,
  0x00, 0x01, 0x01, 0x00, 0x61, 0x00, 0x00, 0x00, 0x70, 0x4d, 0x06, 0x01,
  0x04, 0x04, 0x03, 0x61, 0x00, 0x03, 0x03, 0x71, 0x03, 0x4e, 0x59, 0x40,
  0x0f, 0x20, 0x1f, 0x26, 0x24, 0x1f, 0x2c, 0x20, 0x2c, 0x24, 0x26, 0x24,
  0x35, 0x07, 0x0d, 0x1a, 0x2b, 0x13, 0x34, 0x3e, 0x03, 0x33, 0x32, 0x16,
  0x17, 0x15, 0x26, 0x26, 0x23, 0x22, 0x06, 0x06, 0x07, 0x33, 0x36, 0x36,
  0x33, 0x32, 0x16, 0x15, 0x14, 0x06, 0x23, 0x22, 0x26, 0x26, 0x05, 0x32,
  0x36, 0x35, 0x34, 0x26, 0x23, 0x22, 0x06, 0x06, 0x15, 0x14, 0x16, 0x16,
  0x23, 0x12, 0x2d, 0x51, 0x7d, 0x59, 0x15, 0x38, 0x13, 0x13, 0x2d, 0x16,
  0x59, 0x61, 0x28, 0x03, 0x06, 0x14, 0x4b, 0x3c, 0x5e, 0x6e, 0x83, 0x70,
  0x49, 0x76, 0x46, 0x01, 0x02, 0x2c, 0x38, 0x30, 0x31, 0x21, 0x32, 0x1c,
  0x18, 0x31, 0x01, 0x2f, 0x3e, 0x78, 0x6b, 0x53, 0x2f, 0x03, 0x04, 0x79,
  0x05, 0x05, 0x38, 0x65, 0x42, 0x23, 0x30, 0x76, 0x6c, 0x74, 0x84, 0x43,
  0x8b, 0x55, 0x3d, 0x40, 0x34, 0x3c, 0x1d, 0x2e, 0x18, 0x21, 0x3f, 0x2a,
  0x00, 0x01, 0x00, 0x1b, 0x00, 0x00, 0x02, 0x1b, 0x02, 0xca, 0x00, 0x06,
  0x00, 0x25, 0x40, 0x22, 0x05, 0x01, 0x00, 0x01, 0x01, 0x4c, 0x00, 0x00,
  0x00, 0x01, 0x5f, 0x00, 0x01, 0x01, 0x6a, 0x4d, 0x03, 0x01, 0x02, 0x02,
  0x6b, 0x02, 0x4e, 0x00, 0x00, 0x00, 0x06, 0x00, 0x06, 0x11, 0x11, 0x04,
  0x0d, 0x18, 0x2b, 0x33, 0x01, 0x21, 0x35, 0x21, 0x15, 0x01, 0x6f, 0x01,
  0x0c, 0xfe, 0xa0, 0x02, 0x00, 0xfe, 0xf2, 0x02, 0x4b, 0x7f, 0x5f, 0xfd,
  0x95, 0x00, 0x00, 0x03, 0x00, 0x23, 0xff, 0xf6, 0x02, 0x18, 0x02, 0xd3,
  0x00, 0x1b, 0x00, 0x27, 0x00, 0x35, 0x00, 0x36, 0x40, 0x33, 0x33, 0x22,
  0x15, 0x07, 0x04, 0x03, 0x02, 0x01, 0x4c, 0x05, 0x01, 0x02, 0x02, 0x00,
  0x61, 0x04, 0x01, 0x00, 0x00, 0x70, 0x4d, 0x00, 0x03, 0x03, 0x01, 0x61,
  0x00, 0x01, 0x01, 0x71, 0x01, 0x4e, 0x1d, 0x1c, 0x01, 0x00, 0x2c, 0x2a,
  0x1c, 0x27, 0x1d, 0x27, 0x10, 0x0e, 0x00, 0x1b, 0x01, 0x1b, 0x06, 0x0d,
  0x16, 0x2b, 0x01, 0x32, 0x16, 0x16, 0x15, 0x14, 0x06, 0x07, 0x1e, 0x02,
  0x15, 0x14, 0x06, 0x06, 0x23, 0x22, 0x26, 0x35, 0x34, 0x36, 0x37, 0x26,
  0x26, 0x35, 0x34, 0x36, 0x36, 0x17, 0x22, 0x06, 0x15, 0x14, 0x16, 0x17,
  0x36, 0x36, 0x35, 0x34, 0x26, 0x03, 0x14, 0x16, 0x33, 0x32, 0x36, 0x35,
  0x34, 0x26, 0x26, 0x27, 0x27, 0x06, 0x06, 0x01, 0x1e, 0x3e, 0x67, 0x3f,
  0x49, 0x37, 0x26, 0x45, 0x2b, 0x3f, 0x71, 0x4a, 0x78, 0x83, 0x50, 0x39,
  0x30, 0x43, 0x40, 0x69, 0x3b, 0x25, 0x31, 0x34, 0x23, 0x22, 0x34, 0x31,
  0x94, 0x37, 0x36, 0x38, 0x38, 0x20, 0x2f, 0x19, 0x0d, 0x2e, 0x3a, 0x02,
  0xd3, 0x26, 0x4c, 0x3a, 0x40, 0x53, 0x1b, 0x14, 0x35, 0x47, 0x30, 0x3b,
  0x58, 0x30, 0x66, 0x59, 0x4a, 0x5a, 0x1c, 0x1e, 0x55, 0x40, 0x39, 0x4c,
  0x26, 0x6e, 0x26, 0x23, 0x25, 0x2e, 0x11, 0x10, 0x2d, 0x27, 0x23, 0x26,
  0xfe, 0x59, 0x27, 0x32, 0x30, 0x28, 0x1b, 0x29, 0x21, 0x0e, 0x07, 0x16,
  0x3a, 0x00, 0x00, 0x02, 0x00, 0x20, 0xff, 0xf6, 0x02, 0x18, 0x02, 0xd2,
  0x00, 0x1e, 0x00, 0x2c, 0x00, 0x3e, 0x40, 0x3b, 0x11, 0x01, 0x02, 0x05,
  0x0a, 0x01, 0x01, 0x02, 0x09, 0x01, 0x00, 0x01, 0x03, 0x4c, 0x00, 0x05,
  0x00, 0x02, 0x01, 0x05, 0x02, 0x69, 0x06, 0x01, 0x04, 0x04, 0x03, 0x61,
  0x00, 0x03, 0x03, 0x70, 0x4d, 0x00, 0x01, 0x01, 0x00, 0x61, 0x00, 0x00,
  0x00, 0x71, 0x00, 0x4e, 0x20, 0x1f, 0x26, 0x24, 0x1f, 0x2c, 0x20, 0x2c,
  0x24, 0x26, 0x24, 0x35, 0x07, 0x0d, 0x1a, 0x2b, 0x01, 0x14, 0x0e, 0x03,
  0x23, 0x22, 0x26, 0x27, 0x35, 0x16, 0x16, 0x33, 0x32, 0x36, 0x36, 0x37,
  0x23, 0x06, 0x06, 0x23, 0x22, 0x26, 0x35, 0x34, 0x36, 0x33, 0x32, 0x16,
  0x16, 0x25, 0x22, 0x06, 0x15, 0x14, 0x16, 0x33, 0x32, 0x36, 0x36, 0x35,
  0x34, 0x26, 0x26, 0x02, 0x18, 0x12, 0x2d, 0x51, 0x7d, 0x59, 0x15, 0x38,
  0x13, 0x14, 0x2c, 0x16, 0x59, 0x61, 0x28, 0x03, 0x06, 0x15, 0x45, 0x44,
  0x5b, 0x6e, 0x83, 0x70, 0x49, 0x76, 0x46, 0xfe, 0xfe, 0x2c, 0x38, 0x30,
  0x31, 0x22, 0x31, 0x1c, 0x18, 0x30, 0x01, 0x99, 0x3d, 0x79, 0x6b, 0x53,
  0x2f, 0x03, 0x04, 0x79, 0x04, 0x06, 0x39, 0x64, 0x42, 0x23, 0x30, 0x76,
  0x6c, 0x74, 0x84, 0x43, 0x8b, 0x55, 0x3c, 0x41, 0x34, 0x3c, 0x1e, 0x2d,
  0x18, 0x21, 0x40, 0x29, 0x00, 0x02, 0x00, 0x39, 0xff, 0xf3, 0x00, 0xe4,
  0x02, 0x2c, 0x00, 0x0b, 0x00, 0x17, 0x00, 0x1f, 0x40, 0x1c, 0x00, 0x01,
  0x01, 0x00, 0x61, 0x00, 0x00, 0x00, 0x73, 0x4d, 0x00, 0x02, 0x02, 0x03,
  0x61, 0x00, 0x03, 0x03, 0x71, 0x03, 0x4e, 0x24, 0x24, 0x24, 0x22, 0x04,
  0x0d, 0x1a, 0x2b, 0x13, 0x34, 0x36, 0x33, 0x32, 0x16, 0x15, 0x14, 0x06,
  0x23, 0x22, 0x26, 0x11, 0x34, 0x36, 0x33, 0x32, 0x16, 0x15, 0x14, 0x06,
  0x23, 0x22, 0x26, 0x39, 0x32, 0x24, 0x23, 0x32, 0x32, 0x23, 0x24, 0x32,
  0x32, 0x24, 0x23, 0x32, 0x32, 0x23, 0x24, 0x32, 0x01, 0xd9, 0x2e, 0x25,
  0x25, 0x2e, 0x2c, 0x27, 0x27, 0xfe, 0x99, 0x2e, 0x25, 0x25, 0x2e, 0x2c,
  0x27, 0x27, 0x00, 0x02, 0x00, 0x1f, 0xff, 0x7f, 0x00, 0xe4, 0x02, 0x2c,
  0x00, 0x0b, 0x00, 0x14, 0x00, 0x1c, 0x40, 0x19, 0x00, 0x03, 0x00, 0x02,
  0x03, 0x02, 0x63, 0x00, 0x01, 0x01, 0x00, 0x61, 0x00, 0x00, 0x00, 0x73,
  0x01, 0x4e, 0x13, 0x15, 0x24, 0x22, 0x04, 0x0d, 0x1a, 0x2b, 0x13, 0x34,
  0x36, 0x33, 0x32, 0x16, 0x15, 0x14, 0x06, 0x23, 0x22, 0x26, 0x13, 0x06,
  0x06, 0x07, 0x23, 0x36, 0x36, 0x37, 0x33, 0x39, 0x32, 0x24, 0x23, 0x32,
  0x32, 0x23, 0x24, 0x32, 0xa7, 0x0d, 0x30, 0x19, 0x6b, 0x0e, 0x1c, 0x07,
  0x89, 0x01, 0xd9, 0x2e, 0x25, 0x25, 0x2e, 0x2c, 0x27, 0x27, 0xfe, 0xbc,
  0x35, 0x7e, 0x37, 0x3b, 0x86, 0x34, 0x00, 0x01, 0x00, 0x2b, 0x00, 0x63,
  0x02, 0x10, 0x02, 0x71, 0x00, 0x06, 0x00, 0x06, 0xb3, 0x03, 0x00, 0x01,
  0x32, 0x2b, 0x25, 0x25, 0x35, 0x25, 0x15, 0x05, 0x05, 0x02, 0x10, 0xfe,
  0x1b, 0x01, 0xe5, 0xfe, 0xb2, 0x01, 0x4e, 0x63, 0xd6, 0x46, 0xf2, 0x75,
  0x9b, 0x89, 0x00, 0x02, 0x00, 0x2b, 0x00, 0xcc, 0x02, 0x10, 0x01, 0xf4,
  0x00, 0x03, 0x00, 0x07, 0x00, 0x2f, 0x40, 0x2c, 0x00, 0x00, 0x04, 0x01,
  0x01, 0x02, 0x00, 0x01, 0x67, 0x00, 0x02, 0x03, 0x03, 0x02, 0x57, 0x00,
  0x02, 0x02, 0x03, 0x5f, 0x05, 0x01, 0x03, 0x02, 0x03, 0x4f, 0x04, 0x04,
  0x00, 0x00, 0x04, 0x07, 0x04, 0x07, 0x06, 0x05, 0x00, 0x03, 0x00, 0x03,
  0x11, 0x06, 0x0d, 0x17, 0x2b, 0x13, 0x35, 0x21, 0x15, 0x05, 0x35, 0x21,
  0x15, 0x2b, 0x01, 0xe5, 0xfe, 0x1b, 0x01, 0xe5, 0x01, 0x8a, 0x6a, 0x6a,
  0xbe, 0x6b, 0x6b, 0x00, 0x00, 0x01, 0x00, 0x2b, 0x00, 0x63, 0x02, 0x10,
  0x02, 0x71, 0x00, 0x06, 0x00, 0x06, 0xb3, 0x06, 0x03, 0x01, 0x32, 0x2b,
  0x37, 0x25, 0x25, 0x35, 0x05, 0x15, 0x05, 0x2b, 0x01, 0x4e, 0xfe, 0xb2,
  0x01, 0xe5, 0xfe, 0x1b, 0xd8, 0x89, 0x9b, 0x75, 0xf2, 0x46, 0xd6, 0x00,
  0x00, 0x02, 0x00, 0x03, 0xff, 0xf3, 0x01, 0xc5, 0x02, 0xd4, 0x00, 0x1d,
  0x00, 0x29, 0x00, 0x32, 0x40, 0x2f, 0x0d, 0x01, 0x00, 0x01, 0x0c, 0x01,
  0x02, 0x00, 0x02, 0x4c, 0x00, 0x02, 0x00, 0x03, 0x00, 0x02, 0x03, 0x80,
  0x00, 0x00, 0x00, 0x01, 0x61, 0x00, 0x01, 0x01, 0x70, 0x4d, 0x00, 0x03,
  0x03, 0x04, 0x61, 0x00, 0x04, 0x04, 0x71, 0x04, 0x4e, 0x24, 0x23, 0x1b,
  0x25, 0x28, 0x05, 0x0d, 0x1b, 0x2b, 0x13, 0x34, 0x36, 0x37, 0x36, 0x36,
  0x35, 0x34, 0x26, 0x23, 0x22, 0x06, 0x07, 0x27, 0x36, 0x36, 0x33, 0x32,
  0x16, 0x15, 0x14, 0x06, 0x06, 0x07, 0x0e, 0x02, 0x15, 0x15, 0x23, 0x07,
  0x34, 0x36, 0x33, 0x32, 0x16, 0x15, 0x14, 0x06, 0x23, 0x22, 0x26, 0x87,
  0x2a, 0x33, 0x2d, 0x27, 0x2f, 0x2a, 0x2a, 0x52, 0x2b, 0x35, 0x31, 0x72,
  0x44, 0x68, 0x73, 0x1a, 0x34, 0x27, 0x1d, 0x20, 0x0b, 0x81, 0x10, 0x32,
  0x24, 0x23, 0x32, 0x32, 0x23, 0x24, 0x32, 0x01, 0x11, 0x32, 0x44, 0x25,
  0x20, 0x2f, 0x20, 0x20, 0x21, 0x1a, 0x16, 0x6b, 0x1b, 0x22, 0x64, 0x4d,
  0x29, 0x3c, 0x33, 0x1d, 0x15, 0x1e, 0x1c, 0x15, 0x1d, 0xa7, 0x2e, 0x25,
  0x25, 0x2e, 0x2c, 0x27, 0x27, 0x00, 0x00, 0x02, 0x00, 0x32, 0xff, 0xac,
  0x03, 0x4f, 0x02, 0xca, 0x00, 0x3f, 0x00, 0x4d, 0x00, 0x7f, 0x40, 0x17,
  0x16, 0x01, 0x09, 0x02, 0x47, 0x17, 0x02, 0x03, 0x09, 0x08, 0x01, 0x00,
  0x03, 0x2f, 0x01, 0x05, 0x00, 0x30, 0x01, 0x06, 0x05, 0x05, 0x4c, 0x4b,
  0xb0, 0x1c, 0x50, 0x58, 0x40, 0x26, 0x08, 0x01, 0x03, 0x01, 0x01, 0x00,
  0x05, 0x03, 0x00, 0x69, 0x00, 0x05, 0x00, 0x06, 0x05, 0x06, 0x65, 0x00,
  0x04, 0x04, 0x07, 0x61, 0x00, 0x07, 0x07, 0x6a, 0x4d, 0x00, 0x09, 0x09,
  0x02, 0x61, 0x00, 0x02, 0x02, 0x6d, 0x09, 0x4e, 0x1b, 0x40, 0x24, 0x00,
  0x02, 0x00, 0x09, 0x03, 0x02, 0x09, 0x69, 0x08, 0x01, 0x03, 0x01, 0x01,
  0x00, 0x05, 0x03, 0x00, 0x69, 0x00, 0x05, 0x00, 0x06, 0x05, 0x06, 0x65,
  0x00, 0x04, 0x04, 0x07, 0x61, 0x00, 0x07, 0x07, 0x6a, 0x04, 0x4e, 0x59,
  0x40, 0x0e, 0x4b, 0x49, 0x25, 0x27, 0x25, 0x25, 0x26, 0x28, 0x25, 0x25,
  0x24, 0x0a, 0x0d, 0x1f, 0x2b, 0x01, 0x14, 0x0e, 0x02, 0x23, 0x22, 0x26,
  0x27, 0x23, 0x06, 0x06, 0x23, 0x22, 0x26, 0x35, 0x34, 0x36, 0x36, 0x33,
  0x32, 0x16, 0x17, 0x07, 0x06, 0x14, 0x15, 0x14, 0x16, 0x33, 0x32, 0x36,
  0x36, 0x35, 0x34, 0x26, 0x26, 0x23, 0x22, 0x06, 0x06, 0x15, 0x14, 0x16,
  0x33, 0x32, 0x36, 0x37, 0x15, 0x06, 0x06, 0x23, 0x22, 0x26, 0x26, 0x35,
  0x34, 0x3e, 0x02, 0x33, 0x32, 0x16, 0x16, 0x05, 0x14, 0x16, 0x33, 0x32,
  0x36, 0x37, 0x37, 0x26, 0x26, 0x23, 0x22, 0x06, 0x06, 0x03, 0x4f, 0x16,
  0x2d, 0x44, 0x2e, 0x25, 0x38, 0x0b, 0x08, 0x14, 0x43, 0x2f, 0x59, 0x61,
  0x3a, 0x6a, 0x48, 0x2f, 0x65, 0x1c, 0x0a, 0x01, 0x17, 0x0e, 0x17, 0x1e,
  0x0f, 0x44, 0x75, 0x4b, 0x69, 0x8f, 0x4a, 0x91, 0x88, 0x3a, 0x7e, 0x34,
  0x30, 0x76, 0x42, 0x7c, 0xb0, 0x5d, 0x3c, 0x71, 0x9e, 0x62, 0x6b, 0xa6,
  0x5f, 0xfe, 0x0c, 0x2e, 0x26, 0x32, 0x29, 0x04, 0x06, 0x0b, 0x1c, 0x11,
  0x2f, 0x39, 0x19, 0x01, 0x66, 0x2e, 0x5a, 0x4a, 0x2b, 0x23, 0x1c, 0x19,
  0x26, 0x6b, 0x57, 0x43, 0x67, 0x3b, 0x11, 0x0a, 0xcd, 0x0a, 0x15, 0x03,
  0x29, 0x1b, 0x2d, 0x4b, 0x2d, 0x54, 0x75, 0x3e, 0x57, 0x96, 0x61, 0x87,
  0x90, 0x1a, 0x13, 0x5e, 0x14, 0x18, 0x58, 0xa5, 0x74, 0x5b, 0x9c, 0x75,
  0x41, 0x56, 0xa0, 0xab, 0x37, 0x30, 0x49, 0x3b, 0x6c, 0x02, 0x03, 0x29,
  0x41, 0x00, 0x00, 0x02, 0x00, 0x00, 0x00, 0x00, 0x02, 0xb2, 0x02, 0xcd,
  0x00, 0x07, 0x00, 0x12, 0x00, 0x2c, 0x40, 0x29, 0x0c, 0x01, 0x04, 0x02,
  0x01, 0x4c, 0x00, 0x04, 0x00, 0x00, 0x01, 0x04, 0x00, 0x68, 0x00, 0x02,
  0x02, 0x6a, 0x4d, 0x05, 0x03, 0x02, 0x01, 0x01, 0x6b, 0x01, 0x4e, 0x00,
  0x00, 0x12, 0x11, 0x00, 0x07, 0x00, 0x07, 0x11, 0x11, 0x11, 0x06, 0x0d,
  0x19, 0x2b, 0x21, 0x27, 0x21, 0x07, 0x23, 0x13, 0x33, 0x13, 0x01, 0x2e,
  0x02, 0x27, 0x0e, 0x02, 0x07, 0x07, 0x33, 0x02, 0x0f, 0x34, 0xfe, 0xfc,
  0x34, 0xa3, 0xfc, 0xb9, 0xfd, 0xfe, 0xd1, 0x05, 0x10, 0x10, 0x05, 0x05,
  0x11, 0x0f, 0x04, 0x33, 0xba, 0xaa, 0xaa, 0x02, 0xcd, 0xfd, 0x33, 0x01,
  0xcf, 0x11, 0x34, 0x36, 0x14, 0x14, 0x3b, 0x35, 0x0b, 0xa6, 0x00, 0x03,
  0x00, 0x5a, 0x00, 0x00, 0x02, 0x6b, 0x02, 0xca, 0x00, 0x10, 0x00, 0x19,
  0x00, 0x22, 0x00, 0x44, 0x40, 0x41, 0x06, 0x01, 0x05, 0x02, 0x01, 0x4c,
  0x07, 0x01, 0x02, 0x08, 0x01, 0x05, 0x04, 0x02, 0x05, 0x67, 0x00, 0x03,
  0x03, 0x00, 0x5f, 0x06, 0x01, 0x00, 0x00, 0x6a, 0x4d, 0x00, 0x04, 0x04,
  0x01, 0x5f, 0x00, 0x01, 0x01, 0x6b, 0x01, 0x4e, 0x1a, 0x1a, 0x12, 0x11,
  0x01, 0x00, 0x1a, 0x22, 0x1a, 0x21, 0x1d, 0x1b, 0x18, 0x16, 0x11, 0x19,
  0x12, 0x19, 0x0f, 0x0d, 0x00, 0x10, 0x01, 0x10, 0x09, 0x0d, 0x16, 0x2b,
  0x01, 0x32, 0x16, 0x15, 0x14, 0x06, 0x07, 0x15, 0x1e, 0x02, 0x15, 0x14,
  0x06, 0x23, 0x21, 0x11, 0x13, 0x32, 0x36, 0x35, 0x34, 0x26, 0x23, 0x23,
  0x1d, 0x02, 0x33, 0x32, 0x36, 0x35, 0x34, 0x26, 0x23, 0x01, 0x38, 0x8f,
  0x92, 0x39, 0x35, 0x24, 0x3a, 0x22, 0x8c, 0x7a, 0xfe, 0xf5, 0xef, 0x42,
  0x33, 0x3c, 0x41, 0x50, 0x63, 0x44, 0x36, 0x37, 0x48, 0x02, 0xca, 0x50,
  0x65, 0x3d, 0x54, 0x09, 0x05, 0x07, 0x24, 0x44, 0x38, 0x61, 0x6e, 0x02,
  0xca, 0xfe, 0xe5, 0x2a, 0x28, 0x29, 0x24, 0x9f, 0x78, 0xba, 0x35, 0x2c,
  0x28, 0x31, 0x00, 0x01, 0x00, 0x3a, 0xff, 0xf6, 0x02, 0x5a, 0x02, 0xd4,
  0x00, 0x1b, 0x00, 0x37, 0x40, 0x34, 0x18, 0x01, 0x00, 0x03, 0x19, 0x09,
  0x02, 0x01, 0x00, 0x0a, 0x01, 0x02, 0x01, 0x03, 0x4c, 0x04, 0x01, 0x00,
  0x00, 0x03, 0x61, 0x00, 0x03, 0x03, 0x70, 0x4d, 0x00, 0x01, 0x01, 0x02,
  0x61, 0x00, 0x02, 0x02, 0x71, 0x02, 0x4e, 0x01, 0x00, 0x16, 0x14, 0x0e,
  0x0c, 0x07, 0x05, 0x00, 0x1b, 0x01, 0x1b, 0x05, 0x0d, 0x16, 0x2b, 0x01,
  0x22, 0x06, 0x15, 0x14, 0x16, 0x33, 0x32, 0x36, 0x37, 0x15, 0x06, 0x06,
  0x23, 0x22, 0x26, 0x26, 0x35, 0x34, 0x36, 0x36, 0x33, 0x32, 0x16, 0x17,
  0x07, 0x26, 0x26, 0x01, 0x89, 0x57, 0x5c, 0x55, 0x5e, 0x2c, 0x57, 0x33,
  0x2f, 0x5c, 0x39, 0x6e, 0x8f, 0x44, 0x4e, 0x95, 0x6c, 0x35, 0x6b, 0x31,
  0x31, 0x28, 0x51, 0x02, 0x56, 0x82, 0x71, 0x72, 0x7d, 0x14, 0x12, 0x7f,
  0x13, 0x12, 0x5b, 0xa5, 0x6e, 0x6c, 0xa6, 0x5e, 0x1b, 0x17, 0x7b, 0x13,
  0x1c, 0x00, 0x00, 0x02, 0x00, 0x5a, 0x00, 0x00, 0x02, 0xaa, 0x02, 0xca,
  0x00, 0x09, 0x00, 0x11, 0x00, 0x1f, 0x40, 0x1c, 0x00, 0x02, 0x02, 0x01,
  0x5f, 0x00, 0x01, 0x01, 0x6a, 0x4d, 0x00, 0x03, 0x03, 0x00, 0x5f, 0x00,
  0x00, 0x00, 0x6b, 0x00, 0x4e, 0x21, 0x25, 0x21, 0x22, 0x04, 0x0d, 0x1a,
  0x2b, 0x01, 0x14, 0x06, 0x23, 0x23, 0x11, 0x33, 0x32, 0x16, 0x16, 0x07,
  0x34, 0x26, 0x23, 0x23, 0x11, 0x33, 0x32, 0x02, 0xaa, 0xcd, 0xb9, 0xca,
  0xe0, 0x70, 0xa5, 0x5b, 0x9d, 0x68, 0x63, 0x51, 0x41, 0xdb, 0x01, 0x6c,
  0xb5, 0xb7, 0x02, 0xca, 0x50, 0x9b, 0x77, 0x77, 0x6f, 0xfe, 0x2f, 0x00,
  0x00, 0x01, 0x00, 0x5a, 0x00, 0x00, 0x01, 0xf5, 0x02, 0xca, 0x00, 0x0b,
  0x00, 0x29, 0x40, 0x26, 0x00, 0x03, 0x00, 0x04, 0x05, 0x03, 0x04, 0x67,
  0x00, 0x02, 0x02, 0x01, 0x5f, 0x00, 0x01, 0x01, 0x6a, 0x4d, 0x00, 0x05,
  0x05, 0x00, 0x5f, 0x00, 0x00, 0x00, 0x6b, 0x00, 0x4e, 0x11, 0x11, 0x11,
  0x11, 0x11, 0x10, 0x06, 0x0d, 0x1c, 0x2b, 0x21, 0x21, 0x11, 0x21, 0x15,
  0x21, 0x15, 0x33, 0x15, 0x23, 0x15, 0x21, 0x01, 0xf5, 0xfe, 0x65, 0x01,
  0x9b, 0xfe, 0xfc, 0xf2, 0xf2, 0x01, 0x04, 0x02, 0xca, 0x7c, 0x9d, 0x7c,
  0xb8, 0x00, 0x00, 0x01, 0x00, 0x5a, 0x00, 0x00, 0x01, 0xf3, 0x02, 0xca,
  0x00, 0x09, 0x00, 0x23, 0x40, 0x20, 0x00, 0x03, 0x00, 0x04, 0x00, 0x03,
  0x04, 0x67, 0x00, 0x02, 0x02, 0x01, 0x5f, 0x00, 0x01, 0x01, 0x6a, 0x4d,
  0x00, 0x00, 0x00, 0x6b, 0x00, 0x4e, 0x11, 0x11, 0x11, 0x11, 0x10, 0x05,
  0x0d, 0x1b, 0x2b, 0x33, 0x23, 0x11, 0x21, 0x15, 0x21, 0x15, 0x33, 0x15,
  0x23, 0xef, 0x95, 0x01, 0x99, 0xfe, 0xfc, 0xf2, 0xf2, 0x02, 0xca, 0x7c,
  0xb8, 0x7c, 0x00, 0x01, 0x00, 0x3a, 0xff, 0xf6, 0x02, 0x84, 0x02, 0xd4,
  0x00, 0x20, 0x00, 0x3b, 0x40, 0x38, 0x0f, 0x01, 0x03, 0x02, 0x10, 0x01,
  0x00, 0x03, 0x1e, 0x01, 0x04, 0x05, 0x02, 0x01, 0x01, 0x04, 0x04, 0x4c,
  0x00, 0x00, 0x00, 0x05, 0x04, 0x00, 0x05, 0x67, 0x00, 0x03, 0x03, 0x02,
  0x61, 0x00, 0x02, 0x02, 0x70, 0x4d, 0x00, 0x04, 0x04, 0x01, 0x61, 0x00,
  0x01, 0x01, 0x71, 0x01, 0x4e, 0x13, 0x26, 0x25, 0x25, 0x23, 0x10, 0x06,
  0x0d, 0x1c, 0x2b, 0x01, 0x21, 0x11, 0x06, 0x06, 0x23, 0x22, 0x26, 0x35,
  0x34, 0x36, 0x36, 0x33, 0x32, 0x16, 0x17, 0x07, 0x26, 0x26, 0x23, 0x22,
  0x06, 0x06, 0x15, 0x14, 0x16, 0x16, 0x33, 0x32, 0x36, 0x37, 0x35, 0x23,
  0x01, 0x69, 0x01, 0x1b, 0x38, 0x79, 0x4d, 0xa0, 0xac, 0x57, 0xa6, 0x78,
  0x39, 0x6e, 0x2d, 0x32, 0x21, 0x54, 0x2e, 0x42, 0x61, 0x35, 0x26, 0x52,
  0x42, 0x20, 0x2d, 0x13, 0x87, 0x01, 0x91, 0xfe, 0x8e, 0x13, 0x16, 0xbc,
  0xb4, 0x70, 0xa4, 0x5a, 0x18, 0x14, 0x79, 0x11, 0x16, 0x3c, 0x6d, 0x4a,
  0x46, 0x6c, 0x3d, 0x06, 0x04, 0x95, 0x00, 0x01, 0x00, 0x5a, 0x00, 0x00,
  0x02, 0xa3, 0x02, 0xca, 0x00, 0x0b, 0x00, 0x21, 0x40, 0x1e, 0x00, 0x04,
  0x00, 0x01, 0x00, 0x04, 0x01, 0x67, 0x05, 0x01, 0x03, 0x03, 0x6a, 0x4d,
  0x02, 0x01, 0x00, 0x00, 0x6b, 0x00, 0x4e, 0x11, 0x11, 0x11, 0x11, 0x11,
  0x10, 0x06, 0x0d, 0x1c, 0x2b, 0x21, 0x23, 0x11, 0x21, 0x11, 0x23, 0x11,
  0x33, 0x11, 0x21, 0x11, 0x33, 0x02, 0xa3, 0x97, 0xfe, 0xe5, 0x97, 0x97,
  0x01, 0x1b, 0x97, 0x01, 0x34, 0xfe, 0xcc, 0x02, 0xca, 0xfe, 0xe8, 0x01,
  0x18, 0x00, 0x00, 0x01, 0x00, 0x20, 0x00, 0x00, 0x01, 0x65, 0x02, 0xca,
  0x00, 0x0b, 0x00, 0x20, 0x40, 0x1d, 0x0b, 0x0a, 0x09, 0x08, 0x05, 0x04,
  0x03, 0x02, 0x08, 0x00, 0x01, 0x01, 0x4c, 0x00, 0x01, 0x01, 0x6a, 0x4d,
  0x00, 0x00, 0x00, 0x6b, 0x00, 0x4e, 0x15, 0x10, 0x02, 0x0d, 0x18, 0x2b,
  0x21, 0x21, 0x35, 0x37, 0x11, 0x27, 0x35, 0x21, 0x15, 0x07, 0x11, 0x17,
  0x01, 0x65, 0xfe, 0xbb, 0x57, 0x57, 0x01, 0x45, 0x57, 0x57, 0x56, 0x28,
  0x01, 0xce, 0x28, 0x56, 0x56, 0x28, 0xfe, 0x32, 0x28, 0x00, 0x00, 0x01,
  0xff, 0xb6, 0xff, 0x2e, 0x00, 0xf1, 0x02, 0xca, 0x00, 0x11, 0x00, 0x28,
  0x40, 0x25, 0x04, 0x01, 0x01, 0x02, 0x03, 0x01, 0x00, 0x01, 0x02, 0x4c,
  0x00, 0x01, 0x03, 0x01, 0x00, 0x01, 0x00, 0x65, 0x00, 0x02, 0x02, 0x6a,
  0x02, 0x4e, 0x01, 0x00, 0x0d, 0x0c, 0x08, 0x06, 0x00, 0x11, 0x01, 0x11,
  0x04, 0x0d, 0x16, 0x2b, 0x17, 0x22, 0x26, 0x27, 0x35, 0x16, 0x16, 0x33,
  0x32, 0x36, 0x36, 0x35, 0x11, 0x33, 0x11, 0x14, 0x06, 0x06, 0x0f, 0x1d,
  0x2c, 0x10, 0x10, 0x23, 0x14, 0x1a, 0x2b, 0x18, 0x97, 0x39, 0x66, 0xd2,
  0x07, 0x04, 0x7e, 0x04, 0x06, 0x14, 0x38, 0x34, 0x02, 0x9d, 0xfd, 0x64,
  0x5c, 0x71, 0x33, 0x00, 0x00, 0x01, 0x00, 0x5a, 0x00, 0x00, 0x02, 0x98,
  0x02, 0xca, 0x00, 0x0e, 0x00, 0x20, 0x40, 0x1d, 0x0e, 0x08, 0x03, 0x02,
  0x04, 0x00, 0x02, 0x01, 0x4c, 0x03, 0x01, 0x02, 0x02, 0x6a, 0x4d, 0x01,
  0x01, 0x00, 0x00, 0x6b, 0x00, 0x4e, 0x15, 0x11, 0x13, 0x10, 0x04, 0x0d,
  0x1a, 0x2b, 0x21, 0x23, 0x03, 0x07, 0x15, 0x23, 0x11, 0x33, 0x11, 0x36,
  0x36, 0x37, 0x37, 0x33, 0x03, 0x02, 0x98, 0xac, 0xbb, 0x40, 0x97, 0x97,
  0x0f, 0x1e, 0x0f, 0xc1, 0xa8, 0xf9, 0x01, 0x2d, 0x2e, 0xff, 0x02, 0xca,
  0xfe, 0xb9, 0x15, 0x2a, 0x15, 0xf3, 0xfe, 0xc4, 0x00, 0x01, 0x00, 0x5a,
  0x00, 0x00, 0x02, 0x13, 0x02, 0xca, 0x00, 0x05, 0x00, 0x1f, 0x40, 0x1c,
  0x00, 0x00, 0x00, 0x6a, 0x4d, 0x00, 0x01, 0x01, 0x02, 0x60, 0x03, 0x01,
  0x02, 0x02, 0x6b, 0x02, 0x4e, 0x00, 0x00, 0x00, 0x05, 0x00, 0x05, 0x11,
  0x11, 0x04, 0x0d, 0x18, 0x2b, 0x33, 0x11, 0x33, 0x11, 0x21, 0x15, 0x5a,
  0x97, 0x01, 0x22, 0x02, 0xca, 0xfd, 0xb3, 0x7d, 0x00, 0x01, 0x00, 0x5a,
  0x00, 0x00, 0x03, 0x55, 0x02, 0xca, 0x00, 0x17, 0x00, 0x26, 0x40, 0x23,
  0x15, 0x0b, 0x02, 0x00, 0x01, 0x01, 0x4c, 0x02, 0x01, 0x01, 0x01, 0x6a,
  0x4d, 0x05, 0x04, 0x03, 0x03, 0x00, 0x00, 0x6b, 0x00, 0x4e, 0x00, 0x00,
  0x00, 0x17, 0x00, 0x17, 0x11, 0x13, 0x11, 0x17, 0x06, 0x0d, 0x1a, 0x2b,
  0x21, 0x03, 0x23, 0x1e, 0x02, 0x15, 0x11, 0x23, 0x11, 0x33, 0x13, 0x33,
  0x13, 0x33, 0x11, 0x23, 0x11, 0x34, 0x36, 0x36, 0x37, 0x23, 0x03, 0x01,
  0x88, 0xac, 0x04, 0x01, 0x04, 0x04, 0x87, 0xce, 0xa9, 0x03, 0xb3, 0xce,
  0x8d, 0x03, 0x03, 0x01, 0x04, 0xb8, 0x02, 0x30, 0x14, 0x50, 0x5b, 0x25,
  0xfe, 0xb4, 0x02, 0xca, 0xfd, 0xde, 0x02, 0x22, 0xfd, 0x36, 0x01, 0x52,
  0x22, 0x58, 0x4f, 0x14, 0xfd, 0xd1, 0x00, 0x01, 0x00, 0x5a, 0x00, 0x00,
  0x02, 0xd3, 0x02, 0xca, 0x00, 0x11, 0x00, 0x1e, 0x40, 0x1b, 0x0b, 0x02,
  0x02, 0x00, 0x02, 0x01, 0x4c, 0x03, 0x01, 0x02, 0x02, 0x6a, 0x4d, 0x01,
  0x01, 0x00, 0x00, 0x6b, 0x00, 0x4e, 0x16, 0x11, 0x16, 0x10, 0x04, 0x0d,
  0x1a, 0x2b, 0x21, 0x23, 0x01, 0x23, 0x16, 0x16, 0x17, 0x11, 0x23, 0x11,
  0x33, 0x01, 0x33, 0x26, 0x26, 0x27, 0x11, 0x33, 0x02, 0xd3, 0xc0, 0xfe,
  0xc9, 0x04, 0x02, 0x05, 0x02, 0x87, 0xbf, 0x01, 0x36, 0x03, 0x01, 0x04,
  0x02, 0x88, 0x02, 0x1c, 0x33, 0x66, 0x33, 0xfe, 0xb0, 0x02, 0xca, 0xfd,
  0xe9, 0x32, 0x62, 0x31, 0x01, 0x52, 0x00, 0x02, 0x00, 0x3a, 0xff, 0xf6,
  0x02, 0xe2, 0x02, 0xd5, 0x00, 0x0f, 0x00, 0x1b, 0x00, 0x1f, 0x40, 0x1c,
  0x00, 0x03, 0x03, 0x01, 0x61, 0x00, 0x01, 0x01, 0x70, 0x4d, 0x00, 0x02,
  0x02, 0x00, 0x61, 0x00, 0x00, 0x00, 0x71, 0x00, 0x4e, 0x24, 0x25, 0x26,
  0x23, 0x04, 0x0d, 0x1a, 0x2b, 0x01, 0x14, 0x06, 0x06, 0x23, 0x22, 0x26,
  0x26, 0x35, 0x34, 0x36, 0x36, 0x33, 0x32, 0x16, 0x16, 0x05, 0x14, 0x16,
  0x33, 0x32, 0x36, 0x35, 0x34, 0x26, 0x23, 0x22, 0x06, 0x02, 0xe2, 0x49,
  0x96, 0x75, 0x74, 0x97, 0x49, 0x49, 0x97, 0x75, 0x74, 0x96, 0x49, 0xfd,
  0xf7, 0x56, 0x5f, 0x61, 0x54, 0x54, 0x60, 0x60, 0x56, 0x01, 0x66, 0x6f,
  0xa5, 0x5c, 0x5c, 0xa6, 0x6f, 0x6f, 0xa4, 0x5b, 0x5b, 0xa5, 0x6f, 0x70,
  0x81, 0x81, 0x70, 0x71, 0x80, 0x80, 0x00, 0x02, 0x00, 0x5a, 0x00, 0x00,
  0x02, 0x47, 0x02, 0xca, 0x00, 0x0b, 0x00, 0x13, 0x00, 0x32, 0x40, 0x2f,
  0x00, 0x04, 0x00, 0x01, 0x02, 0x04, 0x01, 0x69, 0x06, 0x01, 0x03, 0x03,
  0x00, 0x5f, 0x05, 0x01, 0x00, 0x00, 0x6a, 0x4d, 0x00, 0x02, 0x02, 0x6b,
  0x02, 0x4e, 0x0d, 0x0c, 0x01, 0x00, 0x10, 0x0e, 0x0c, 0x13, 0x0d, 0x13,
  0x0a, 0x09, 0x08, 0x06, 0x00, 0x0b, 0x01, 0x0b, 0x07, 0x0d, 0x16, 0x2b,
  0x01, 0x32, 0x16, 0x15, 0x14, 0x06, 0x06, 0x23, 0x23, 0x15, 0x23, 0x11,
  0x17, 0x23, 0x15, 0x33, 0x32, 0x36, 0x35, 0x34, 0x01, 0x3e, 0x8a, 0x7f,
  0x34, 0x79, 0x68, 0x41, 0x97, 0xdc, 0x45, 0x32, 0x40, 0x4b, 0x02, 0xca,
  0x77, 0x68, 0x3e, 0x6d, 0x42, 0xfe, 0x02, 0xca, 0x7c, 0xd4, 0x33, 0x39,
  0x68, 0x00, 0x00, 0x02, 0x00, 0x3a, 0xff, 0x56, 0x02, 0xe2, 0x02, 0xd5,
  0x00, 0x12, 0x00, 0x1e, 0x00, 0x2b, 0x40, 0x28, 0x03, 0x01, 0x01, 0x03,
  0x01, 0x4c, 0x00, 0x00, 0x01, 0x00, 0x86, 0x00, 0x04, 0x04, 0x02, 0x61,
  0x00, 0x02, 0x02, 0x70, 0x4d, 0x00, 0x03, 0x03, 0x01, 0x61, 0x00, 0x01,
  0x01, 0x71, 0x01, 0x4e, 0x24, 0x25, 0x26, 0x21, 0x14, 0x05, 0x0d, 0x1b,
  0x2b, 0x01, 0x14, 0x06, 0x07, 0x17, 0x23, 0x27, 0x23, 0x22, 0x26, 0x26,
  0x35, 0x34, 0x36, 0x36, 0x33, 0x32, 0x16, 0x16, 0x05, 0x14, 0x16, 0x33,
  0x32, 0x36, 0x35, 0x34, 0x26, 0x23, 0x22, 0x06, 0x02, 0xe2, 0x56, 0x5a,
  0xac, 0xc2, 0x83, 0x0b, 0x74, 0x97, 0x49, 0x49, 0x97, 0x75, 0x74, 0x96,
  0x49, 0xfd, 0xf7, 0x56, 0x5f, 0x61, 0x54, 0x54, 0x60, 0x60, 0x56, 0x01,
  0x66, 0x78, 0xaf, 0x29, 0xc0, 0xa0, 0x5c, 0xa6, 0x6f, 0x6f, 0xa4, 0x5b,
  0x5b, 0xa5, 0x6f, 0x70, 0x81, 0x81, 0x70, 0x71, 0x80, 0x80, 0x00, 0x02,
  0x00, 0x5a, 0x00, 0x00, 0x02, 0x94, 0x02, 0xca, 0x00, 0x0e, 0x00, 0x17,
  0x00, 0x3b, 0x40, 0x38, 0x07, 0x01, 0x02, 0x05, 0x01, 0x4c, 0x00, 0x05,
  0x00, 0x02, 0x01, 0x05, 0x02, 0x67, 0x07, 0x01, 0x04, 0x04, 0x00, 0x5f,
  0x06, 0x01, 0x00, 0x00, 0x6a, 0x4d, 0x03, 0x01, 0x01, 0x01, 0x6b, 0x01,
  0x4e, 0x10, 0x0f, 0x01, 0x00, 0x13, 0x11, 0x0f, 0x17, 0x10, 0x17, 0x0d,
  0x0c, 0x0b, 0x0a, 0x09, 0x08, 0x00, 0x0e, 0x01, 0x0e, 0x08, 0x0d, 0x16,
  0x2b, 0x01, 0x32, 0x16, 0x15, 0x14, 0x06, 0x06, 0x07, 0x13, 0x23, 0x03,
  0x23, 0x11, 0x23, 0x11, 0x17, 0x23, 0x15, 0x33, 0x32, 0x36, 0x35, 0x34,
  0x26, 0x01, 0x2a, 0x92, 0x8b, 0x25, 0x3d, 0x23, 0xd2, 0xa8, 0xaa, 0x51,
  0x97, 0xc5, 0x2e, 0x31, 0x4b, 0x41, 0x45, 0x02, 0xca, 0x6a, 0x6c, 0x31,
  0x49, 0x33, 0x10, 0xfe, 0xc9, 0x01, 0x12, 0xfe, 0xee, 0x02, 0xca, 0x7c,
  0xc1, 0x32, 0x31, 0x33, 0x2b, 0x00, 0x00, 0x01, 0x00, 0x2e, 0xff, 0xf6,
  0x01, 0xff, 0x02, 0xd4, 0x00, 0x28, 0x00, 0x2e, 0x40, 0x2b, 0x1b, 0x01,
  0x03, 0x02, 0x1c, 0x06, 0x02, 0x01, 0x03, 0x05, 0x01, 0x00, 0x01, 0x03,
  0x4c, 0x00, 0x03, 0x03, 0x02, 0x61, 0x00, 0x02, 0x02, 0x70, 0x4d, 0x00,
  0x01, 0x01, 0x00, 0x61, 0x00, 0x00, 0x00, 0x71, 0x00, 0x4e, 0x25, 0x2d,
  0x24, 0x22, 0x04, 0x0d, 0x1a, 0x2b, 0x25, 0x14, 0x06, 0x23, 0x22, 0x27,
  0x35, 0x16, 0x16, 0x33, 0x32, 0x36, 0x35, 0x34, 0x26, 0x26, 0x27, 0x2e,
  0x03, 0x35, 0x34, 0x36, 0x33, 0x32, 0x16, 0x17, 0x07, 0x26, 0x26, 0x23,
  0x22, 0x06, 0x15, 0x14, 0x16, 0x17, 0x1e, 0x02, 0x01, 0xff, 0x89, 0x7e,
  0x71, 0x59, 0x33, 0x6d, 0x36, 0x38, 0x2f, 0x25, 0x3e, 0x28, 0x19, 0x3a,
  0x35, 0x22, 0x82, 0x70, 0x38, 0x65, 0x37, 0x31, 0x31, 0x4e, 0x29, 0x2b,
  0x2e, 0x44, 0x43, 0x37, 0x4d, 0x2a, 0xc6, 0x5f, 0x71, 0x2b, 0x8d, 0x16,
  0x25, 0x2b, 0x21, 0x1b, 0x26, 0x21, 0x13, 0x0c, 0x21, 0x31, 0x46, 0x31,
  0x60, 0x6b, 0x1a, 0x18, 0x76, 0x14, 0x16, 0x28, 0x20, 0x26, 0x2c, 0x20,
  0x1a, 0x38, 0x4c, 0x00, 0x00, 0x01, 0x00, 0x14, 0x00, 0x00, 0x02, 0x2f,
  0x02, 0xca, 0x00, 0x07, 0x00, 0x1b, 0x40, 0x18, 0x03, 0x01, 0x01, 0x01,
  0x02, 0x5f, 0x00, 0x02, 0x02, 0x6a, 0x4d, 0x00, 0x00, 0x00, 0x6b, 0x00,
  0x4e, 0x11, 0x11, 0x11, 0x10, 0x04, 0x0d, 0x1a, 0x2b, 0x21, 0x23, 0x11,
  0x23, 0x35, 0x21, 0x15, 0x23, 0x01, 0x6d, 0x97, 0xc2, 0x02, 0x1b, 0xc2,
  0x02, 0x4c, 0x7e, 0x7e, 0x00, 0x01, 0x00, 0x55, 0xff, 0xf6, 0x02, 0x9f,
  0x02, 0xca, 0x00, 0x12, 0x00, 0x1b, 0x40, 0x18, 0x03, 0x01, 0x01, 0x01,
  0x6a, 0x4d, 0x00, 0x02, 0x02, 0x00, 0x62, 0x00, 0x00, 0x00, 0x71, 0x00,
  0x4e, 0x13, 0x23, 0x13, 0x23, 0x04, 0x0d, 0x1a, 0x2b, 0x25, 0x14, 0x06,
  0x06, 0x23, 0x22, 0x26, 0x35, 0x11, 0x33, 0x11, 0x14, 0x16, 0x33, 0x32,
  0x36, 0x35, 0x11, 0x33, 0x02, 0x9f, 0x41, 0x83, 0x64, 0x8e, 0x94, 0x97,
  0x48, 0x47, 0x4a, 0x43, 0x97, 0xfc, 0x4a, 0x77, 0x45, 0x91, 0x77, 0x01,
  0xcc, 0xfe, 0x4b, 0x58, 0x48, 0x4e, 0x53, 0x01, 0xb4, 0x00, 0x00, 0x01,
  0x00, 0x00, 0x00, 0x00, 0x02, 0x8a, 0x02, 0xca, 0x00, 0x0e, 0x00, 0x21,
  0x40, 0x1e, 0x09, 0x01, 0x00, 0x01, 0x01, 0x4c, 0x03, 0x02, 0x02, 0x01,
  0x01, 0x6a, 0x4d, 0x00, 0x00, 0x00, 0x6b, 0x00, 0x4e, 0x00, 0x00, 0x00,
  0x0e, 0x00, 0x0e, 0x11, 0x11, 0x04, 0x0d, 0x18, 0x2b, 0x01, 0x03, 0x23,
  0x03, 0x33, 0x13, 0x1e, 0x02, 0x17, 0x3e, 0x02, 0x37, 0x13, 0x02, 0x8a,
  0xf3, 0xa5, 0xf2, 0x99, 0x86, 0x04, 0x0f, 0x10, 0x03, 0x03, 0x0f, 0x10,
  0x03, 0x87, 0x02, 0xca, 0xfd, 0x36, 0x02, 0xca, 0xfe, 0x57, 0x0b, 0x3b,
  0x41, 0x16, 0x16, 0x41, 0x3b, 0x0b, 0x01, 0xa9, 0x00, 0x01, 0x00, 0x00,
  0x00, 0x00, 0x03, 0xc7, 0x02, 0xca, 0x00, 0x26, 0x00, 0x27, 0x40, 0x24,
  0x21, 0x16, 0x08, 0x03, 0x00, 0x02, 0x01, 0x4c, 0x05, 0x04, 0x03, 0x03,
  0x02, 0x02, 0x6a, 0x4d, 0x01, 0x01, 0x00, 0x00, 0x6b, 0x00, 0x4e, 0x00,
  0x00, 0x00, 0x26, 0x00, 0x26, 0x1a, 0x11, 0x1c, 0x11, 0x06, 0x0d, 0x1a,
  0x2b, 0x01, 0x03, 0x23, 0x03, 0x2e, 0x03, 0x27, 0x0e, 0x03, 0x07, 0x03,
  0x23, 0x03, 0x33, 0x13, 0x1e, 0x02, 0x17, 0x3e, 0x02, 0x37, 0x13, 0x33,
  0x13, 0x1e, 0x02, 0x17, 0x3e, 0x02, 0x37, 0x13, 0x03, 0xc7, 0xb6, 0xac,
  0x61, 0x03, 0x09, 0x0b, 0x08, 0x02, 0x01, 0x09, 0x0a, 0x0a, 0x03, 0x60,
  0xac, 0xb6, 0x95, 0x5b, 0x06, 0x0e, 0x0c, 0x03, 0x03, 0x0c, 0x0d, 0x05,
  0x68, 0x8f, 0x68, 0x05, 0x0d, 0x0c, 0x03, 0x03, 0x0c, 0x0f, 0x05, 0x5b,
  0x02, 0xca, 0xfd, 0x36, 0x01, 0x77, 0x0b, 0x2c, 0x34, 0x2f, 0x0d, 0x0d,
  0x2f, 0x33, 0x2d, 0x0c, 0xfe, 0x8a, 0x02, 0xca, 0xfe, 0x7a, 0x17, 0x46,
  0x46, 0x18, 0x19, 0x45, 0x41, 0x12, 0x01, 0x90, 0xfe, 0x70, 0x11, 0x42,
  0x46, 0x18, 0x19, 0x45, 0x46, 0x17, 0x01, 0x86, 0x00, 0x01, 0x00, 0x00,
  0x00, 0x00, 0x02, 0x9b, 0x02, 0xca, 0x00, 0x0b, 0x00, 0x20, 0x40, 0x1d,
  0x0b, 0x08, 0x05, 0x02, 0x04, 0x00, 0x02, 0x01, 0x4c, 0x03, 0x01, 0x02,
  0x02, 0x6a, 0x4d, 0x01, 0x01, 0x00, 0x00, 0x6b, 0x00, 0x4e, 0x12, 0x12,
  0x12, 0x10, 0x04, 0x0d, 0x1a, 0x2b, 0x21, 0x23, 0x03, 0x03, 0x23, 0x13,
  0x03, 0x33, 0x13, 0x13, 0x33, 0x03, 0x02, 0x9b, 0xad, 0xa6, 0xa6, 0xa2,
  0xed, 0xde, 0xa7, 0x9a, 0x97, 0xa3, 0xe0, 0x01, 0x0e, 0xfe, 0xf2, 0x01,
  0x70, 0x01, 0x5a, 0xfe, 0xff, 0x01, 0x01, 0xfe, 0x9e, 0x00, 0x00, 0x01,
  0x00, 0x00, 0x00, 0x00, 0x02, 0x70, 0x02, 0xca, 0x00, 0x08, 0x00, 0x1c,
  0x40, 0x19, 0x06, 0x03, 0x02, 0x01, 0x00, 0x01, 0x4c, 0x02, 0x01, 0x00,
  0x00, 0x6a, 0x4d, 0x00, 0x01, 0x01, 0x6b, 0x01, 0x4e, 0x12, 0x12, 0x11,
  0x03, 0x0d, 0x19, 0x2b, 0x01, 0x13, 0x33, 0x03, 0x11, 0x23, 0x11, 0x03,
  0x33, 0x01, 0x38, 0x95, 0xa3, 0xed, 0x96, 0xed, 0xa4, 0x01, 0xa4, 0x01,
  0x26, 0xfe, 0x4c, 0xfe, 0xea, 0x01, 0x11, 0x01, 0xb9, 0x00, 0x00, 0x01,
  0x00, 0x18, 0x00, 0x00, 0x02, 0x2b, 0x02, 0xca, 0x00, 0x09, 0x00, 0x29,
  0x40, 0x26, 0x07, 0x01, 0x01, 0x02, 0x02, 0x01, 0x00, 0x03, 0x02, 0x4c,
  0x00, 0x01, 0x01, 0x02, 0x5f, 0x00, 0x02, 0x02, 0x6a, 0x4d, 0x00, 0x03,
  0x03, 0x00, 0x5f, 0x00, 0x00, 0x00, 0x6b, 0x00, 0x4e, 0x12, 0x11, 0x12,
  0x10, 0x04, 0x0d, 0x1a, 0x2b, 0x21, 0x21, 0x35, 0x01, 0x21, 0x35, 0x21,
  0x15, 0x01, 0x21, 0x02, 0x2b, 0xfd, 0xed, 0x01, 0x56, 0xfe, 0xb3, 0x02,
  0x01, 0xfe, 0xaa, 0x01, 0x5f, 0x62, 0x01, 0xeb, 0x7d, 0x62, 0xfe, 0x15,
  0x00, 0x01, 0x00, 0x46, 0xff, 0x62, 0x01, 0x32, 0x02, 0xca, 0x00, 0x07,
  0x00, 0x1c, 0x40, 0x19, 0x00, 0x03, 0x00, 0x00, 0x03, 0x00, 0x63, 0x00,
  0x02, 0x02, 0x01, 0x5f, 0x00, 0x01, 0x01, 0x6a, 0x02, 0x4e, 0x11, 0x11,
  0x11, 0x10, 0x04, 0x0d, 0x1a, 0x2b, 0x05, 0x23, 0x11, 0x33, 0x15, 0x23,
  0x11, 0x33, 0x01, 0x32, 0xec, 0xec, 0x6d, 0x6d, 0x9e, 0x03, 0x68, 0x67,
  0xfd, 0x66, 0x00, 0x01, 0x00, 0x06, 0x00, 0x00, 0x01, 0x97, 0x02, 0xca,
  0x00, 0x03, 0x00, 0x19, 0x40, 0x16, 0x02, 0x01, 0x01, 0x01, 0x6a, 0x4d,
  0x00, 0x00, 0x00, 0x6b, 0x00, 0x4e, 0x00, 0x00, 0x00, 0x03, 0x00, 0x03,
  0x11, 0x03, 0x0d, 0x17, 0x2b, 0x13, 0x01, 0x23, 0x01, 0x8d, 0x01, 0x0a,
  0x87, 0xfe, 0xf6, 0x02, 0xca, 0xfd, 0x36, 0x02, 0xca, 0x00, 0x00, 0x01,
  0x00, 0x19, 0xff, 0x62, 0x01, 0x05, 0x02, 0xca, 0x00, 0x07, 0x00, 0x1c,
  0x40, 0x19, 0x00, 0x00, 0x00, 0x03, 0x00, 0x03, 0x63, 0x00, 0x01, 0x01,
  0x02, 0x5f, 0x00, 0x02, 0x02, 0x6a, 0x01, 0x4e, 0x11, 0x11, 0x11, 0x10,
  0x04, 0x0d, 0x1a, 0x2b, 0x17, 0x33, 0x11, 0x23, 0x35, 0x33, 0x11, 0x23,
  0x19, 0x6d, 0x6d, 0xec, 0xec, 0x37, 0x02, 0x9a, 0x67, 0xfc, 0x98, 0x00,
  0x00, 0x01, 0x00, 0x17, 0x00, 0xfe, 0x02, 0x25, 0x02, 0xce, 0x00, 0x06,
  0x00, 0x27, 0xb1, 0x06, 0x64, 0x44, 0x40, 0x1c, 0x05, 0x01, 0x01, 0x00,
  0x01, 0x4c, 0x00, 0x00, 0x01, 0x00, 0x85, 0x03, 0x02, 0x02, 0x01, 0x01,
  0x76, 0x00, 0x00, 0x00, 0x06, 0x00, 0x06, 0x11, 0x11, 0x04, 0x0d, 0x18,
  0x2b, 0xb1, 0x06, 0x00, 0x44, 0x37, 0x13, 0x33, 0x13, 0x23, 0x03, 0x03,
  0x17, 0xd6, 0x46, 0xf2, 0x75, 0x9d, 0x89, 0xfe, 0x01, 0xd0, 0xfe, 0x30,
  0x01, 0x3a, 0xfe, 0xc6, 0x00, 0x01, 0xff, 0xfe, 0xff, 0x62, 0x01, 0x9d,
  0xff, 0xa6, 0x00, 0x03, 0x00, 0x20, 0xb1, 0x06, 0x64, 0x44, 0x40, 0x15,
  0x00, 0x01, 0x00, 0x00, 0x01, 0x57, 0x00, 0x01, 0x01, 0x00, 0x5f, 0x00,
  0x00, 0x01, 0x00, 0x4f, 0x11, 0x10, 0x02, 0x0d, 0x18, 0x2b, 0xb1, 0x06,
  0x00, 0x44, 0x05, 0x21, 0x35, 0x21, 0x01, 0x9d, 0xfe, 0x61, 0x01, 0x9f,
  0x9e, 0x44, 0x00, 0x01, 0x00, 0x28, 0x02, 0x5e, 0x01, 0x42, 0x02, 0xfe,
  0x00, 0x0c, 0x00, 0x26, 0xb1, 0x06, 0x64, 0x44, 0x40, 0x1b, 0x0b, 0x04,
  0x02, 0x00, 0x01, 0x01, 0x4c, 0x02, 0x01, 0x01, 0x00, 0x01, 0x85, 0x00,
  0x00, 0x00, 0x76, 0x00, 0x00, 0x00, 0x0c, 0x00, 0x0c, 0x15, 0x03, 0x0d,
  0x17, 0x2b, 0xb1, 0x06, 0x00, 0x44, 0x13, 0x1e, 0x02, 0x17, 0x15, 0x23,
  0x2e, 0x03, 0x27, 0x35, 0xcf, 0x0f, 0x29, 0x2b, 0x10, 0x63, 0x13, 0x33,
  0x35, 0x2e, 0x0e, 0x02, 0xfe, 0x16, 0x37, 0x33, 0x13, 0x0d, 0x0d, 0x27,
  0x2c, 0x28, 0x0e, 0x0a, 0x00, 0x02, 0x00, 0x2a, 0xff, 0xf6, 0x02, 0x11,
  0x02, 0x2d, 0x00, 0x1b, 0x00, 0x26, 0x00, 0x7b, 0x40, 0x0e, 0x19, 0x01,
  0x04, 0x00, 0x18, 0x01, 0x03, 0x04, 0x06, 0x01, 0x01, 0x06, 0x03, 0x4c,
  0x4b, 0xb0, 0x19, 0x50, 0x58, 0x40, 0x20, 0x00, 0x03, 0x08, 0x01, 0x05,
  0x06, 0x03, 0x05, 0x69, 0x00, 0x04, 0x04, 0x00, 0x61, 0x07, 0x01, 0x00,
  0x00, 0x73, 0x4d, 0x00, 0x06, 0x06, 0x01, 0x61, 0x02, 0x01, 0x01, 0x01,
  0x6b, 0x01, 0x4e, 0x1b, 0x40, 0x24, 0x00, 0x03, 0x08, 0x01, 0x05, 0x06,
  0x03, 0x05, 0x69, 0x00, 0x04, 0x04, 0x00, 0x61, 0x07, 0x01, 0x00, 0x00,
  0x73, 0x4d, 0x00, 0x01, 0x01, 0x6b, 0x4d, 0x00, 0x06, 0x06, 0x02, 0x61,
  0x00, 0x02, 0x02, 0x71, 0x02, 0x4e, 0x59, 0x40, 0x19, 0x1d, 0x1c, 0x01,
  0x00, 0x23, 0x21, 0x1c, 0x26, 0x1d, 0x26, 0x16, 0x14, 0x11, 0x0f, 0x0b,
  0x09, 0x05, 0x04, 0x00, 0x1b, 0x01, 0x1b, 0x09, 0x0d, 0x16, 0x2b, 0x01,
  0x32, 0x16, 0x15, 0x11, 0x23, 0x27, 0x23, 0x06, 0x06, 0x23, 0x22, 0x26,
  0x35, 0x34, 0x36, 0x37, 0x37, 0x35, 0x34, 0x26, 0x23, 0x22, 0x06, 0x07,
  0x27, 0x36, 0x36, 0x13, 0x06, 0x06, 0x15, 0x14, 0x16, 0x33, 0x32, 0x36,
  0x35, 0x35, 0x01, 0x2e, 0x6e, 0x75, 0x68, 0x1d, 0x04, 0x23, 0x4e, 0x44,
  0x49, 0x60, 0x7a, 0x7a, 0x5f, 0x2d, 0x28, 0x28, 0x4c, 0x26, 0x31, 0x2c,
  0x6b, 0x4f, 0x48, 0x38, 0x28, 0x20, 0x30, 0x42, 0x02, 0x2d, 0x5f, 0x62,
  0xfe, 0x94, 0x4a, 0x2c, 0x28, 0x55, 0x58, 0x57, 0x53, 0x04, 0x03, 0x18,
  0x2b, 0x28, 0x17, 0x11, 0x65, 0x17, 0x1a, 0xfe, 0xce, 0x02, 0x30, 0x27,
  0x22, 0x1d, 0x39, 0x34, 0x2d, 0x00, 0x00, 0x02, 0x00, 0x4e, 0xff, 0xf6,
  0x02, 0x4c, 0x02, 0xf8, 0x00, 0x15, 0x00, 0x22, 0x00, 0x6b, 0xb5, 0x03,
  0x01, 0x05, 0x00, 0x01, 0x4c, 0x4b, 0xb0, 0x19, 0x50, 0x58, 0x40, 0x21,
  0x07, 0x01, 0x05, 0x05, 0x00, 0x61, 0x00, 0x00, 0x00, 0x73, 0x4d, 0x00,
  0x02, 0x02, 0x04, 0x5f, 0x00, 0x04, 0x04, 0x6c, 0x4d, 0x00, 0x06, 0x06,
  0x01, 0x61, 0x03, 0x01, 0x01, 0x01, 0x71, 0x01, 0x4e, 0x1b, 0x40, 0x25,
  0x07, 0x01, 0x05, 0x05, 0x00, 0x61, 0x00, 0x00, 0x00, 0x73, 0x4d, 0x00,
  0x02, 0x02, 0x04, 0x5f, 0x00, 0x04, 0x04, 0x6c, 0x4d, 0x00, 0x03, 0x03,
  0x6b, 0x4d, 0x00, 0x06, 0x06, 0x01, 0x61, 0x00, 0x01, 0x01, 0x71, 0x01,
  0x4e, 0x59, 0x40, 0x10, 0x17, 0x16, 0x1e, 0x1c, 0x16, 0x22, 0x17, 0x22,
  0x11, 0x11, 0x12, 0x24, 0x26, 0x08, 0x0d, 0x1b, 0x2b, 0x13, 0x14, 0x06,
  0x07, 0x33, 0x36, 0x36, 0x33, 0x32, 0x16, 0x15, 0x14, 0x06, 0x23, 0x22,
  0x26, 0x27, 0x23, 0x07, 0x23, 0x11, 0x33, 0x13, 0x22, 0x06, 0x07, 0x15,
  0x14, 0x16, 0x33, 0x32, 0x36, 0x35, 0x34, 0x26, 0xe3, 0x04, 0x02, 0x06,
  0x16, 0x4a, 0x3b, 0x5c, 0x72, 0x74, 0x5e, 0x3c, 0x45, 0x16, 0x0a, 0x19,
  0x72, 0x95, 0x6b, 0x3a, 0x2f, 0x02, 0x2f, 0x3e, 0x2e, 0x36, 0x37, 0x02,
  0x47, 0x1f, 0x3c, 0x11, 0x22, 0x2f, 0x8f, 0x8b, 0x8c, 0x90, 0x2b, 0x1b,
  0x3c, 0x02, 0xf8, 0xfe, 0xbd, 0x48, 0x4a, 0x10, 0x4f, 0x55, 0x55, 0x50,
  0x50, 0x51, 0x00, 0x01, 0x00, 0x2d, 0xff, 0xf6, 0x01, 0xe3, 0x02, 0x2c,
  0x00, 0x19, 0x00, 0x37, 0x40, 0x34, 0x0a, 0x01, 0x02, 0x01, 0x16, 0x0b,
  0x02, 0x03, 0x02, 0x17, 0x01, 0x00, 0x03, 0x03, 0x4c, 0x00, 0x02, 0x02,
  0x01, 0x61, 0x00, 0x01, 0x01, 0x73, 0x4d, 0x00, 0x03, 0x03, 0x00, 0x61,
  0x04, 0x01, 0x00, 0x00, 0x71, 0x00, 0x4e, 0x01, 0x00, 0x14, 0x12, 0x0f,
  0x0d, 0x08, 0x06, 0x00, 0x19, 0x01, 0x19, 0x05, 0x0d, 0x16, 0x2b, 0x05,
  0x22, 0x26, 0x35, 0x34, 0x36, 0x36, 0x33, 0x32, 0x16, 0x17, 0x07, 0x26,
  0x26, 0x23, 0x22, 0x15, 0x14, 0x16, 0x33, 0x32, 0x36, 0x37, 0x15, 0x06,
  0x06, 0x01, 0x2c, 0x7a, 0x85, 0x44, 0x79, 0x4f, 0x38, 0x53, 0x1f, 0x2c,
  0x23, 0x3d, 0x1e, 0x74, 0x3d, 0x37, 0x2f, 0x48, 0x22, 0x22, 0x4b, 0x0a,
  0x87, 0x91, 0x64, 0x7e, 0x3c, 0x16, 0x0f, 0x73, 0x0e, 0x12, 0xa5, 0x52,
  0x4e, 0x19, 0x16, 0x7f, 0x16, 0x13, 0x00, 0x02, 0x00, 0x2d, 0xff, 0xf6,
  0x02, 0x2b, 0x02, 0xf8, 0x00, 0x15, 0x00, 0x22, 0x00, 0x82, 0x4b, 0xb0,
  0x19, 0x50, 0x58, 0x40, 0x0a, 0x09, 0x01, 0x05, 0x01, 0x12, 0x01, 0x00,
  0x04, 0x02, 0x4c, 0x1b, 0x40, 0x0a, 0x09, 0x01, 0x05, 0x01, 0x12, 0x01,
  0x03, 0x04, 0x02, 0x4c, 0x59, 0x4b, 0xb0, 0x19, 0x50, 0x58, 0x40, 0x1d,
  0x00, 0x02, 0x02, 0x6c, 0x4d, 0x00, 0x05, 0x05, 0x01, 0x61, 0x00, 0x01,
  0x01, 0x73, 0x4d, 0x07, 0x01, 0x04, 0x04, 0x00, 0x61, 0x03, 0x06, 0x02,
  0x00, 0x00, 0x71, 0x00, 0x4e, 0x1b, 0x40, 0x21, 0x00, 0x02, 0x02, 0x6c,
  0x4d, 0x00, 0x05, 0x05, 0x01, 0x61, 0x00, 0x01, 0x01, 0x73, 0x4d, 0x00,
  0x03, 0x03, 0x6b, 0x4d, 0x07, 0x01, 0x04, 0x04, 0x00, 0x61, 0x06, 0x01,
  0x00, 0x00, 0x71, 0x00, 0x4e, 0x59, 0x40, 0x17, 0x17, 0x16, 0x01, 0x00,
  0x1e, 0x1c, 0x16, 0x22, 0x17, 0x22, 0x11, 0x10, 0x0f, 0x0e, 0x07, 0x05,
  0x00, 0x15, 0x01, 0x15, 0x08, 0x0d, 0x16, 0x2b, 0x17, 0x22, 0x26, 0x35,
  0x34, 0x36, 0x33, 0x32, 0x16, 0x17, 0x33, 0x26, 0x26, 0x35, 0x35, 0x33,
  0x11, 0x23, 0x27, 0x23, 0x06, 0x06, 0x27, 0x32, 0x36, 0x37, 0x35, 0x34,
  0x26, 0x23, 0x22, 0x06, 0x15, 0x14, 0x16, 0xfb, 0x5b, 0x73, 0x74, 0x5e,
  0x3b, 0x4c, 0x16, 0x05, 0x03, 0x08, 0x95, 0x72, 0x1d, 0x06, 0x16, 0x4a,
  0x07, 0x3e, 0x32, 0x01, 0x31, 0x42, 0x31, 0x38, 0x38, 0x0a, 0x8f, 0x8b,
  0x8c, 0x90, 0x2e, 0x22, 0x10, 0x3d, 0x20, 0xaf, 0xfd, 0x08, 0x47, 0x22,
  0x2f, 0x77, 0x49, 0x49, 0x10, 0x50, 0x54, 0x55, 0x50, 0x50, 0x51, 0x00,
  0x00, 0x02, 0x00, 0x2d, 0xff, 0xf6, 0x02, 0x24, 0x02, 0x2c, 0x00, 0x16,
  0x00, 0x1d, 0x00, 0x43, 0x40, 0x40, 0x0b, 0x01, 0x02, 0x01, 0x0c, 0x01,
  0x03, 0x02, 0x02, 0x4c, 0x00, 0x05, 0x00, 0x01, 0x02, 0x05, 0x01, 0x67,
  0x07, 0x01, 0x04, 0x04, 0x00, 0x61, 0x06, 0x01, 0x00, 0x00, 0x73, 0x4d,
  0x00, 0x02, 0x02, 0x03, 0x61, 0x00, 0x03, 0x03, 0x71, 0x03, 0x4e, 0x18,
  0x17, 0x01, 0x00, 0x1b, 0x1a, 0x17, 0x1d, 0x18, 0x1d, 0x10, 0x0e, 0x09,
  0x07, 0x05, 0x04, 0x00, 0x16, 0x01, 0x16, 0x08, 0x0d, 0x16, 0x2b, 0x01,
  0x32, 0x16, 0x15, 0x15, 0x21, 0x16, 0x16, 0x33, 0x32, 0x36, 0x37, 0x15,
  0x06, 0x06, 0x23, 0x22, 0x26, 0x26, 0x35, 0x34, 0x36, 0x36, 0x17, 0x22,
  0x06, 0x07, 0x33, 0x26, 0x26, 0x01, 0x2f, 0x71, 0x84, 0xfe, 0xa0, 0x02,
  0x47, 0x3f, 0x35, 0x56, 0x2e, 0x28, 0x59, 0x3f, 0x52, 0x7e, 0x48, 0x41,
  0x74, 0x4e, 0x2b, 0x39, 0x05, 0xd1, 0x01, 0x32, 0x02, 0x2c, 0x81, 0x77,
  0x48, 0x3f, 0x48, 0x15, 0x16, 0x73, 0x14, 0x13, 0x3d, 0x7c, 0x5e, 0x60,
  0x7f, 0x40, 0x6a, 0x38, 0x3b, 0x32, 0x41, 0x00, 0x00, 0x01, 0x00, 0x14,
  0x00, 0x00, 0x01, 0xb0, 0x02, 0xfd, 0x00, 0x18, 0x00, 0x3a, 0x40, 0x37,
  0x0f, 0x01, 0x04, 0x03, 0x10, 0x01, 0x05, 0x04, 0x06, 0x01, 0x00, 0x05,
  0x03, 0x4c, 0x07, 0x01, 0x05, 0x01, 0x4b, 0x00, 0x04, 0x04, 0x03, 0x61,
  0x00, 0x03, 0x03, 0x6c, 0x4d, 0x02, 0x01, 0x00, 0x00, 0x05, 0x5f, 0x00,
  0x05, 0x05, 0x6d, 0x4d, 0x00, 0x01, 0x01, 0x6b, 0x01, 0x4e, 0x13, 0x25,
  0x26, 0x11, 0x11, 0x10, 0x06, 0x0d, 0x1c, 0x2b, 0x01, 0x23, 0x11, 0x23,
  0x11, 0x23, 0x35, 0x37, 0x35, 0x34, 0x36, 0x36, 0x33, 0x32, 0x16, 0x17,
  0x07, 0x26, 0x26, 0x23, 0x22, 0x06, 0x15, 0x15, 0x33, 0x01, 0x7c, 0x81,
  0x95, 0x52, 0x52, 0x2f, 0x57, 0x3b, 0x2c, 0x47, 0x16, 0x26, 0x11, 0x28,
  0x1a, 0x1f, 0x1d, 0x81, 0x01, 0xb2, 0xfe, 0x4e, 0x01, 0xb2, 0x48, 0x28,
  0x28, 0x46, 0x4d, 0x20, 0x0e, 0x09, 0x6d, 0x05, 0x09, 0x26, 0x1d, 0x22,
  0x00, 0x02, 0x00, 0x2d, 0xff, 0x10, 0x02, 0x2b, 0x02, 0x2c, 0x00, 0x1e,
  0x00, 0x29, 0x00, 0x9e, 0x4b, 0xb0, 0x19, 0x50, 0x58, 0x40, 0x12, 0x02,
  0x01, 0x05, 0x00, 0x15, 0x01, 0x04, 0x06, 0x0d, 0x01, 0x03, 0x04, 0x0c,
  0x01, 0x02, 0x03, 0x04, 0x4c, 0x1b, 0x40, 0x12, 0x02, 0x01, 0x05, 0x01,
  0x15, 0x01, 0x04, 0x06, 0x0d, 0x01, 0x03, 0x04, 0x0c, 0x01, 0x02, 0x03,
  0x04, 0x4c, 0x59, 0x4b, 0xb0, 0x19, 0x50, 0x58, 0x40, 0x22, 0x08, 0x01,
  0x05, 0x05, 0x00, 0x61, 0x01, 0x07, 0x02, 0x00, 0x00, 0x73, 0x4d, 0x00,
  0x06, 0x06, 0x04, 0x61, 0x00, 0x04, 0x04, 0x71, 0x4d, 0x00, 0x03, 0x03,
  0x02, 0x61, 0x00, 0x02, 0x02, 0x6f, 0x02, 0x4e, 0x1b, 0x40, 0x26, 0x00,
  0x01, 0x01, 0x6d, 0x4d, 0x08, 0x01, 0x05, 0x05, 0x00, 0x61, 0x07, 0x01,
  0x00, 0x00, 0x73, 0x4d, 0x00, 0x06, 0x06, 0x04, 0x61, 0x00, 0x04, 0x04,
  0x71, 0x4d, 0x00, 0x03, 0x03, 0x02, 0x61, 0x00, 0x02, 0x02, 0x6f, 0x02,
  0x4e, 0x59, 0x40, 0x19, 0x20, 0x1f, 0x01, 0x00, 0x24, 0x22, 0x1f, 0x29,
  0x20, 0x29, 0x1a, 0x18, 0x10, 0x0e, 0x0a, 0x08, 0x05, 0x04, 0x00, 0x1e,
  0x01, 0x1e, 0x09, 0x0d, 0x16, 0x2b, 0x13, 0x32, 0x17, 0x33, 0x37, 0x33,
  0x11, 0x14, 0x06, 0x23, 0x22, 0x26, 0x27, 0x35, 0x16, 0x33, 0x32, 0x35,
  0x35, 0x34, 0x36, 0x37, 0x23, 0x06, 0x06, 0x23, 0x22, 0x26, 0x35, 0x34,
  0x36, 0x17, 0x22, 0x15, 0x14, 0x33, 0x32, 0x36, 0x35, 0x35, 0x34, 0x26,
  0xff, 0x65, 0x39, 0x04, 0x0c, 0x7e, 0x8a, 0x87, 0x3a, 0x63, 0x2f, 0x65,
  0x70, 0x73, 0x03, 0x01, 0x04, 0x1c, 0x4e, 0x31, 0x61, 0x6d, 0x70, 0x91,
  0x69, 0x6b, 0x39, 0x37, 0x36, 0x02, 0x2c, 0x50, 0x46, 0xfd, 0xdd, 0x75,
  0x7a, 0x0e, 0x12, 0x77, 0x2a, 0x7c, 0x0b, 0x11, 0x24, 0x0e, 0x2b, 0x26,
  0x95, 0x85, 0x86, 0x96, 0x79, 0xa5, 0xa3, 0x41, 0x51, 0x12, 0x58, 0x4c,
  0x00, 0x01, 0x00, 0x4e, 0x00, 0x00, 0x02, 0x46, 0x02, 0xf8, 0x00, 0x16,
  0x00, 0x27, 0x40, 0x24, 0x03, 0x01, 0x02, 0x00, 0x01, 0x4c, 0x00, 0x04,
  0x04, 0x6c, 0x4d, 0x00, 0x02, 0x02, 0x00, 0x61, 0x00, 0x00, 0x00, 0x73,
  0x4d, 0x03, 0x01, 0x01, 0x01, 0x6b, 0x01, 0x4e, 0x11, 0x13, 0x22, 0x13,
  0x26, 0x05, 0x0d, 0x1b, 0x2b, 0x13, 0x14, 0x06, 0x07, 0x33, 0x36, 0x36,
  0x33, 0x32, 0x16, 0x15, 0x11, 0x23, 0x11, 0x34, 0x23, 0x22, 0x06, 0x15,
  0x11, 0x23, 0x11, 0x33, 0xe3, 0x05, 0x02, 0x08, 0x1a, 0x52, 0x32, 0x59,
  0x6b, 0x95, 0x58, 0x43, 0x33, 0x95, 0x95, 0x02, 0x5d, 0x28, 0x4a, 0x0f,
  0x2a, 0x26, 0x5f, 0x69, 0xfe, 0x9c, 0x01, 0x3f, 0x76, 0x5d, 0x57, 0xfe,
  0xff, 0x02, 0xf8, 0x00, 0x00, 0x02, 0x00, 0x48, 0x00, 0x00, 0x00, 0xea,
  0x02, 0xf8, 0x00, 0x0b, 0x00, 0x0f, 0x00, 0x2d, 0x40, 0x2a, 0x00, 0x01,
  0x01, 0x00, 0x61, 0x04, 0x01, 0x00, 0x00, 0x6c, 0x4d, 0x05, 0x01, 0x03,
  0x03, 0x6d, 0x4d, 0x00, 0x02, 0x02, 0x6b, 0x02, 0x4e, 0x0c, 0x0c, 0x01,
  0x00, 0x0c, 0x0f, 0x0c, 0x0f, 0x0e, 0x0d, 0x07, 0x05, 0x00, 0x0b, 0x01,
  0x0b, 0x06, 0x0d, 0x16, 0x2b, 0x13, 0x32, 0x16, 0x15, 0x14, 0x06, 0x23,
  0x22, 0x26, 0x35, 0x34, 0x36, 0x17, 0x11, 0x23, 0x11, 0x99, 0x21, 0x30,
  0x30, 0x21, 0x22, 0x2f, 0x2f, 0x6c, 0x95, 0x02, 0xf8, 0x1f, 0x2a, 0x29,
  0x20, 0x20, 0x29, 0x2a, 0x1f, 0xd6, 0xfd, 0xde, 0x02, 0x22, 0x00, 0x02,
  0xff, 0xc0, 0xff, 0x10, 0x00, 0xea, 0x02, 0xf8, 0x00, 0x0b, 0x00, 0x1c,
  0x00, 0x37, 0x40, 0x34, 0x10, 0x01, 0x03, 0x04, 0x0f, 0x01, 0x02, 0x03,
  0x02, 0x4c, 0x00, 0x01, 0x01, 0x00, 0x61, 0x00, 0x00, 0x00, 0x6c, 0x4d,
  0x00, 0x04, 0x04, 0x6d, 0x4d, 0x00, 0x03, 0x03, 0x02, 0x62, 0x05, 0x01,
  0x02, 0x02, 0x6f, 0x02, 0x4e, 0x0d, 0x0c, 0x18, 0x17, 0x14, 0x12, 0x0c,
  0x1c, 0x0d, 0x1c, 0x24, 0x22, 0x06, 0x0d, 0x18, 0x2b, 0x13, 0x34, 0x36,
  0x33, 0x32, 0x16, 0x15, 0x14, 0x06, 0x23, 0x22, 0x26, 0x03, 0x22, 0x26,
  0x27, 0x35, 0x16, 0x16, 0x33, 0x32, 0x36, 0x35, 0x11, 0x33, 0x11, 0x14,
  0x06, 0x06, 0x48, 0x2f, 0x22, 0x21, 0x30, 0x30, 0x21, 0x22, 0x2f, 0x26,
  0x19, 0x37, 0x12, 0x12, 0x20, 0x14, 0x1e, 0x2a, 0x95, 0x26, 0x55, 0x02,
  0xaf, 0x2a, 0x1f, 0x1f, 0x2a, 0x29, 0x20, 0x20, 0xfc, 0x8a, 0x07, 0x05,
  0x75, 0x04, 0x05, 0x22, 0x31, 0x02, 0x47, 0xfd, 0xa3, 0x32, 0x52, 0x31,
  0x00, 0x01, 0x00, 0x4e, 0x00, 0x00, 0x02, 0x6c, 0x02, 0xf8, 0x00, 0x12,
  0x00, 0x24, 0x40, 0x21, 0x0e, 0x0d, 0x0a, 0x03, 0x04, 0x01, 0x00, 0x01,
  0x4c, 0x00, 0x03, 0x03, 0x6c, 0x4d, 0x00, 0x00, 0x00, 0x6d, 0x4d, 0x02,
  0x01, 0x01, 0x01, 0x6b, 0x01, 0x4e, 0x11, 0x13, 0x12, 0x18, 0x04, 0x0d,
  0x1a, 0x2b, 0x13, 0x14, 0x06, 0x07, 0x33, 0x36, 0x36, 0x37, 0x37, 0x33,
  0x07, 0x13, 0x23, 0x27, 0x07, 0x15, 0x23, 0x11, 0x33, 0xe3, 0x05, 0x03,
  0x02, 0x0f, 0x20, 0x12, 0x99, 0xa8, 0xd9, 0xe6, 0xac, 0x9d, 0x40, 0x95,
  0x95, 0x01, 0xa4, 0x1f, 0x3d, 0x1f, 0x15, 0x2b, 0x13, 0xa6, 0xed, 0xfe,
  0xcb, 0xdd, 0x33, 0xaa, 0x02, 0xf8, 0x00, 0x01, 0x00, 0x4e, 0x00, 0x00,
  0x00, 0xe3, 0x02, 0xf8, 0x00, 0x03, 0x00, 0x13, 0x40, 0x10, 0x00, 0x01,
  0x01, 0x6c, 0x4d, 0x00, 0x00, 0x00, 0x6b, 0x00, 0x4e, 0x11, 0x10, 0x02,
  0x0d, 0x18, 0x2b, 0x33, 0x23, 0x11, 0x33, 0xe3, 0x95, 0x95, 0x02, 0xf8,
  0x00, 0x01, 0x00, 0x4e, 0x00, 0x00, 0x03, 0x8b, 0x02, 0x2c, 0x00, 0x22,
  0x00, 0x67, 0xb4, 0x18, 0x01, 0x08, 0x01, 0x4b, 0x4b, 0xb0, 0x19, 0x50,
  0x58, 0x40, 0x1b, 0x04, 0x01, 0x02, 0x02, 0x00, 0x61, 0x07, 0x06, 0x09,
  0x03, 0x00, 0x00, 0x73, 0x4d, 0x00, 0x08, 0x08, 0x01, 0x5f, 0x05, 0x03,
  0x02, 0x01, 0x01, 0x6b, 0x01, 0x4e, 0x1b, 0x40, 0x1f, 0x00, 0x06, 0x06,
  0x6d, 0x4d, 0x04, 0x01, 0x02, 0x02, 0x00, 0x61, 0x07, 0x09, 0x02, 0x00,
  0x00, 0x73, 0x4d, 0x00, 0x08, 0x08, 0x01, 0x5f, 0x05, 0x03, 0x02, 0x01,
  0x01, 0x6b, 0x01, 0x4e, 0x59, 0x40, 0x19, 0x01, 0x00, 0x20, 0x1f, 0x1d,
  0x1b, 0x17, 0x16, 0x15, 0x14, 0x11, 0x0f, 0x0d, 0x0c, 0x09, 0x07, 0x05,
  0x04, 0x00, 0x22, 0x01, 0x22, 0x0a, 0x0d, 0x16, 0x2b, 0x01, 0x32, 0x16,
  0x15, 0x11, 0x23, 0x11, 0x34, 0x23, 0x22, 0x06, 0x15, 0x11, 0x23, 0x11,
  0x34, 0x23, 0x22, 0x06, 0x15, 0x11, 0x23, 0x11, 0x33, 0x17, 0x33, 0x36,
  0x36, 0x33, 0x32, 0x16, 0x17, 0x33, 0x36, 0x36, 0x02, 0xcf, 0x5d, 0x5f,
  0x95, 0x52, 0x3b, 0x32, 0x95, 0x52, 0x3e, 0x2f, 0x95, 0x72, 0x14, 0x08,
  0x19, 0x57, 0x2f, 0x3c, 0x54, 0x16, 0x0d, 0x19, 0x59, 0x02, 0x2c, 0x5f,
  0x69, 0xfe, 0x9c, 0x01, 0x3f, 0x76, 0x54, 0x4f, 0xfe, 0xee, 0x01, 0x3f,
  0x76, 0x5d, 0x57, 0xfe, 0xff, 0x02, 0x22, 0x46, 0x2a, 0x26, 0x27, 0x29,
  0x2a, 0x26, 0x00, 0x01, 0x00, 0x4e, 0x00, 0x00, 0x02, 0x46, 0x02, 0x2c,
  0x00, 0x14, 0x00, 0x5e, 0x4b, 0xb0, 0x19, 0x50, 0x58, 0xb5, 0x11, 0x01,
  0x02, 0x00, 0x01, 0x4c, 0x1b, 0xb5, 0x11, 0x01, 0x02, 0x04, 0x01, 0x4c,
  0x59, 0x4b, 0xb0, 0x19, 0x50, 0x58, 0x40, 0x13, 0x00, 0x02, 0x02, 0x00,
  0x61, 0x04, 0x05, 0x02, 0x00, 0x00, 0x73, 0x4d, 0x03, 0x01, 0x01, 0x01,
  0x6b, 0x01, 0x4e, 0x1b, 0x40, 0x17, 0x00, 0x04, 0x04, 0x6d, 0x4d, 0x00,
  0x02, 0x02, 0x00, 0x61, 0x05, 0x01, 0x00, 0x00, 0x73, 0x4d, 0x03, 0x01,
  0x01, 0x01, 0x6b, 0x01, 0x4e, 0x59, 0x40, 0x11, 0x01, 0x00, 0x10, 0x0f,
  0x0e, 0x0d, 0x0a, 0x08, 0x05, 0x04, 0x00, 0x14, 0x01, 0x14, 0x06, 0x0d,
  0x16, 0x2b, 0x01, 0x32, 0x16, 0x15, 0x11, 0x23, 0x11, 0x34, 0x26, 0x23,
  0x22, 0x06, 0x15, 0x11, 0x23, 0x11, 0x33, 0x17, 0x33, 0x36, 0x36, 0x01,
  0x84, 0x58, 0x6a, 0x95, 0x2a, 0x2e, 0x44, 0x32, 0x95, 0x72, 0x14, 0x08,
  0x1a, 0x5b, 0x02, 0x2c, 0x5f, 0x69, 0xfe, 0x9c, 0x01, 0x3f, 0x3b, 0x3b,
  0x5d, 0x57, 0xfe, 0xff, 0x02, 0x22, 0x46, 0x2a, 0x26, 0x00, 0x00, 0x02,
  0x00, 0x2d, 0xff, 0xf6, 0x02, 0x3e, 0x02, 0x2c, 0x00, 0x0d, 0x00, 0x19,
  0x00, 0x1f, 0x40, 0x1c, 0x00, 0x03, 0x03, 0x01, 0x61, 0x00, 0x01, 0x01,
  0x73, 0x4d, 0x00, 0x02, 0x02, 0x00, 0x61, 0x00, 0x00, 0x00, 0x71, 0x00,
  0x4e, 0x24, 0x25, 0x25, 0x22, 0x04, 0x0d, 0x1a, 0x2b, 0x01, 0x14, 0x06,
  0x23, 0x22, 0x26, 0x26, 0x35, 0x34, 0x36, 0x33, 0x32, 0x16, 0x16, 0x05,
  0x14, 0x16, 0x33, 0x32, 0x36, 0x35, 0x34, 0x26, 0x23, 0x22, 0x06, 0x02,
  0x3e, 0x8f, 0x7b, 0x4c, 0x77, 0x44, 0x8e, 0x7c, 0x4d, 0x76, 0x44, 0xfe,
  0x87, 0x35, 0x3c, 0x3b, 0x35, 0x35, 0x3c, 0x3b, 0x35, 0x01, 0x12, 0x88,
  0x94, 0x42, 0x7f, 0x5b, 0x88, 0x92, 0x42, 0x7d, 0x5b, 0x51, 0x53, 0x53,
  0x51, 0x51, 0x51, 0x51, 0x00, 0x02, 0x00, 0x4e, 0xff, 0x10, 0x02, 0x4c,
  0x02, 0x2c, 0x00, 0x14, 0x00, 0x20, 0x00, 0x82, 0x4b, 0xb0, 0x19, 0x50,
  0x58, 0x40, 0x0a, 0x11, 0x01, 0x04, 0x00, 0x09, 0x01, 0x01, 0x05, 0x02,
  0x4c, 0x1b, 0x40, 0x0a, 0x11, 0x01, 0x04, 0x03, 0x09, 0x01, 0x01, 0x05,
  0x02, 0x4c, 0x59, 0x4b, 0xb0, 0x19, 0x50, 0x58, 0x40, 0x1d, 0x07, 0x01,
  0x04, 0x04, 0x00, 0x61, 0x03, 0x06, 0x02, 0x00, 0x00, 0x73, 0x4d, 0x00,
  0x05, 0x05, 0x01, 0x61, 0x00, 0x01, 0x01, 0x71, 0x4d, 0x00, 0x02, 0x02,
  0x6f, 0x02, 0x4e, 0x1b, 0x40, 0x21, 0x00, 0x03, 0x03, 0x6d, 0x4d, 0x07,
  0x01, 0x04, 0x04, 0x00, 0x61, 0x06, 0x01, 0x00, 0x00, 0x73, 0x4d, 0x00,
  0x05, 0x05, 0x01, 0x61, 0x00, 0x01, 0x01, 0x71, 0x4d, 0x00, 0x02, 0x02,
  0x6f, 0x02, 0x4e, 0x59, 0x40, 0x17, 0x16, 0x15, 0x01, 0x00, 0x1d, 0x1b,
  0x15, 0x20, 0x16, 0x20, 0x10, 0x0f, 0x0e, 0x0d, 0x07, 0x05, 0x00, 0x14,
  0x01, 0x14, 0x08, 0x0d, 0x16, 0x2b, 0x01, 0x32, 0x16, 0x15, 0x14, 0x06,
  0x23, 0x22, 0x26, 0x27, 0x23, 0x16, 0x15, 0x15, 0x23, 0x11, 0x33, 0x17,
  0x33, 0x36, 0x36, 0x17, 0x22, 0x06, 0x07, 0x15, 0x14, 0x16, 0x33, 0x32,
  0x36, 0x35, 0x34, 0x01, 0x7e, 0x5c, 0x72, 0x76, 0x5c, 0x3b, 0x46, 0x16,
  0x08, 0x08, 0x95, 0x79, 0x15, 0x07, 0x16, 0x4a, 0x0b, 0x3a, 0x2f, 0x02,
  0x2f, 0x3e, 0x33, 0x31, 0x02, 0x2c, 0x8f, 0x8b, 0x8b, 0x91, 0x2b, 0x1b,
  0x2a, 0x26, 0xdc, 0x03, 0x12, 0x47, 0x21, 0x30, 0x77, 0x48, 0x4a, 0x10,
  0x4f, 0x55, 0x55, 0x50, 0xa1, 0x00, 0x00, 0x02, 0x00, 0x2d, 0xff, 0x10,
  0x02, 0x2b, 0x02, 0x2c, 0x00, 0x14, 0x00, 0x20, 0x00, 0x78, 0x4b, 0xb0,
  0x19, 0x50, 0x58, 0x40, 0x0a, 0x0f, 0x01, 0x05, 0x01, 0x02, 0x01, 0x00,
  0x04, 0x02, 0x4c, 0x1b, 0x40, 0x0a, 0x0f, 0x01, 0x05, 0x02, 0x02, 0x01,
  0x00, 0x04, 0x02, 0x4c, 0x59, 0x4b, 0xb0, 0x19, 0x50, 0x58, 0x40, 0x1c,
  0x00, 0x05, 0x05, 0x01, 0x61, 0x02, 0x01, 0x01, 0x01, 0x73, 0x4d, 0x06,
  0x01, 0x04, 0x04, 0x00, 0x61, 0x00, 0x00, 0x00, 0x71, 0x4d, 0x00, 0x03,
  0x03, 0x6f, 0x03, 0x4e, 0x1b, 0x40, 0x20, 0x00, 0x02, 0x02, 0x6d, 0x4d,
  0x00, 0x05, 0x05, 0x01, 0x61, 0x00, 0x01, 0x01, 0x73, 0x4d, 0x06, 0x01,
  0x04, 0x04, 0x00, 0x61, 0x00, 0x00, 0x00, 0x71, 0x4d, 0x00, 0x03, 0x03,
  0x6f, 0x03, 0x4e, 0x59, 0x40, 0x0f, 0x16, 0x15, 0x1d, 0x1b, 0x15, 0x20,
  0x16, 0x20, 0x11, 0x14, 0x24, 0x25, 0x07, 0x0d, 0x1a, 0x2b, 0x05, 0x34,
  0x37, 0x23, 0x06, 0x06, 0x23, 0x22, 0x26, 0x35, 0x34, 0x36, 0x33, 0x32,
  0x16, 0x17, 0x33, 0x37, 0x33, 0x11, 0x23, 0x03, 0x32, 0x36, 0x37, 0x35,
  0x34, 0x26, 0x23, 0x22, 0x06, 0x15, 0x14, 0x01, 0x96, 0x06, 0x06, 0x15,
  0x4a, 0x3c, 0x5c, 0x72, 0x74, 0x5d, 0x3c, 0x4b, 0x17, 0x04, 0x0d, 0x7e,
  0x95, 0x66, 0x3e, 0x31, 0x01, 0x31, 0x41, 0x35, 0x34, 0x0b, 0x2a, 0x28,
  0x22, 0x2f, 0x8f, 0x8b, 0x8c, 0x90, 0x2e, 0x22, 0x46, 0xfc, 0xee, 0x01,
  0x5b, 0x49, 0x49, 0x12, 0x50, 0x54, 0x55, 0x50, 0xa3, 0x00, 0x00, 0x01,
  0x00, 0x4e, 0x00, 0x00, 0x01, 0xb1, 0x02, 0x2c, 0x00, 0x13, 0x00, 0x60,
  0x4b, 0xb0, 0x1a, 0x50, 0x58, 0xb6, 0x10, 0x03, 0x02, 0x01, 0x00, 0x01,
  0x4c, 0x1b, 0x40, 0x0a, 0x03, 0x01, 0x03, 0x00, 0x10, 0x01, 0x01, 0x03,
  0x02, 0x4c, 0x59, 0x4b, 0xb0, 0x1a, 0x50, 0x58, 0x40, 0x12, 0x00, 0x01,
  0x01, 0x00, 0x61, 0x03, 0x04, 0x02, 0x00, 0x00, 0x73, 0x4d, 0x00, 0x02,
  0x02, 0x6b, 0x02, 0x4e, 0x1b, 0x40, 0x16, 0x00, 0x03, 0x03, 0x6d, 0x4d,
  0x00, 0x01, 0x01, 0x00, 0x61, 0x04, 0x01, 0x00, 0x00, 0x73, 0x4d, 0x00,
  0x02, 0x02, 0x6b, 0x02, 0x4e, 0x59, 0x40, 0x0f, 0x02, 0x00, 0x0f, 0x0e,
  0x0d, 0x0c, 0x08, 0x06, 0x00, 0x13, 0x02, 0x13, 0x05, 0x0d, 0x16, 0x2b,
  0x01, 0x32, 0x16, 0x17, 0x07, 0x26, 0x26, 0x23, 0x22, 0x06, 0x06, 0x15,
  0x11, 0x23, 0x11, 0x33, 0x17, 0x33, 0x36, 0x36, 0x01, 0x7f, 0x0b, 0x1e,
  0x09, 0x0b, 0x07, 0x1b, 0x0a, 0x26, 0x46, 0x2b, 0x95, 0x71, 0x16, 0x07,
  0x18, 0x54, 0x02, 0x2c, 0x02, 0x02, 0x8c, 0x02, 0x03, 0x1b, 0x3c, 0x34,
  0xfe, 0xea, 0x02, 0x22, 0x5c, 0x2a, 0x3c, 0x00, 0x00, 0x01, 0x00, 0x2d,
  0xff, 0xf6, 0x01, 0xcb, 0x02, 0x2c, 0x00, 0x28, 0x00, 0x2e, 0x40, 0x2b,
  0x1b, 0x01, 0x03, 0x02, 0x1c, 0x07, 0x02, 0x01, 0x03, 0x06, 0x01, 0x00,
  0x01, 0x03, 0x4c, 0x00, 0x03, 0x03, 0x02, 0x61, 0x00, 0x02, 0x02, 0x73,
  0x4d, 0x00, 0x01, 0x01, 0x00, 0x61, 0x00, 0x00, 0x00, 0x71, 0x00, 0x4e,
  0x25, 0x2c, 0x25, 0x22, 0x04, 0x0d, 0x1a, 0x2b, 0x25, 0x14, 0x06, 0x23,
  0x22, 0x26, 0x27, 0x35, 0x16, 0x16, 0x33, 0x32, 0x36, 0x35, 0x34, 0x26,
  0x26, 0x27, 0x2e, 0x02, 0x35, 0x34, 0x36, 0x33, 0x32, 0x16, 0x17, 0x07,
  0x26, 0x26, 0x23, 0x22, 0x15, 0x14, 0x16, 0x16, 0x17, 0x1e, 0x02, 0x01,
  0xcb, 0x75, 0x74, 0x39, 0x52, 0x29, 0x2c, 0x66, 0x27, 0x2c, 0x25, 0x0f,
  0x32, 0x35, 0x33, 0x42, 0x20, 0x76, 0x62, 0x33, 0x5c, 0x31, 0x2d, 0x28,
  0x48, 0x25, 0x42, 0x11, 0x31, 0x30, 0x2f, 0x44, 0x25, 0xa2, 0x53, 0x59,
  0x0f, 0x11, 0x7b, 0x14, 0x1a, 0x1a, 0x15, 0x0e, 0x16, 0x1c, 0x16, 0x16,
  0x2b, 0x3d, 0x2e, 0x4c, 0x4c, 0x14, 0x17, 0x6b, 0x11, 0x17, 0x24, 0x0d,
  0x15, 0x18, 0x14, 0x13, 0x29, 0x3d, 0x00, 0x01, 0x00, 0x17, 0xff, 0xf6,
  0x01, 0x92, 0x02, 0x96, 0x00, 0x18, 0x00, 0x40, 0x40, 0x3d, 0x0e, 0x01,
  0x02, 0x04, 0x03, 0x01, 0x00, 0x02, 0x04, 0x01, 0x01, 0x00, 0x03, 0x4c,
  0x00, 0x03, 0x04, 0x03, 0x85, 0x05, 0x01, 0x02, 0x02, 0x04, 0x5f, 0x00,
  0x04, 0x04, 0x6d, 0x4d, 0x06, 0x01, 0x00, 0x00, 0x01, 0x62, 0x00, 0x01,
  0x01, 0x71, 0x01, 0x4e, 0x01, 0x00, 0x15, 0x14, 0x13, 0x12, 0x11, 0x10,
  0x0d, 0x0c, 0x08, 0x06, 0x00, 0x18, 0x01, 0x18, 0x07, 0x0d, 0x16, 0x2b,
  0x25, 0x32, 0x36, 0x37, 0x15, 0x06, 0x06, 0x23, 0x22, 0x26, 0x26, 0x35,
  0x11, 0x23, 0x35, 0x37, 0x37, 0x33, 0x15, 0x33, 0x15, 0x23, 0x11, 0x14,
  0x16, 0x01, 0x34, 0x19, 0x2e, 0x17, 0x18, 0x47, 0x2a, 0x31, 0x4d, 0x2d,
  0x47, 0x52, 0x2b, 0x5f, 0x99, 0x99, 0x24, 0x6d, 0x0a, 0x07, 0x6f, 0x0a,
  0x0f, 0x20, 0x4f, 0x46, 0x01, 0x07, 0x3f, 0x32, 0x73, 0x74, 0x70, 0xfe,
  0xf9, 0x1f, 0x1f, 0x00, 0x00, 0x01, 0x00, 0x4b, 0xff, 0xf6, 0x02, 0x43,
  0x02, 0x22, 0x00, 0x14, 0x00, 0x4c, 0xb5, 0x03, 0x01, 0x00, 0x03, 0x01,
  0x4c, 0x4b, 0xb0, 0x19, 0x50, 0x58, 0x40, 0x13, 0x05, 0x04, 0x02, 0x02,
  0x02, 0x6d, 0x4d, 0x00, 0x03, 0x03, 0x00, 0x62, 0x01, 0x01, 0x00, 0x00,
  0x6b, 0x00, 0x4e, 0x1b, 0x40, 0x17, 0x05, 0x04, 0x02, 0x02, 0x02, 0x6d,
  0x4d, 0x00, 0x00, 0x00, 0x6b, 0x4d, 0x00, 0x03, 0x03, 0x01, 0x62, 0x00,
  0x01, 0x01, 0x71, 0x01, 0x4e, 0x59, 0x40, 0x0d, 0x00, 0x00, 0x00, 0x14,
  0x00, 0x14, 0x23, 0x13, 0x24, 0x11, 0x06, 0x0d, 0x1a, 0x2b, 0x01, 0x11,
  0x23, 0x27, 0x23, 0x06, 0x06, 0x23, 0x22, 0x26, 0x35, 0x11, 0x33, 0x11,
  0x14, 0x16, 0x33, 0x32, 0x36, 0x35, 0x11, 0x02, 0x43, 0x72, 0x14, 0x08,
  0x1a, 0x5b, 0x33, 0x58, 0x6a, 0x95, 0x2a, 0x2e, 0x44, 0x32, 0x02, 0x22,
  0xfd, 0xde, 0x46, 0x2a, 0x26, 0x5f, 0x69, 0x01, 0x64, 0xfe, 0xc1, 0x3a,
  0x3c, 0x5d, 0x57, 0x01, 0x01, 0x00, 0x00, 0x01, 0x00, 0x00, 0x00, 0x00,
  0x02, 0x39, 0x02, 0x22, 0x00, 0x0c, 0x00, 0x21, 0x40, 0x1e, 0x06, 0x01,
  0x02, 0x00, 0x01, 0x4c, 0x01, 0x01, 0x00, 0x00, 0x6d, 0x4d, 0x03, 0x01,
  0x02, 0x02, 0x6b, 0x02, 0x4e, 0x00, 0x00, 0x00, 0x0c, 0x00, 0x0c, 0x18,
  0x11, 0x04, 0x0d, 0x18, 0x2b, 0x33, 0x03, 0x33, 0x13, 0x16, 0x16, 0x17,
  0x33, 0x36, 0x37, 0x13, 0x33, 0x03, 0xd0, 0xd0, 0x9c, 0x69, 0x09, 0x0b,
  0x01, 0x04, 0x03, 0x13, 0x69, 0x9c, 0xd0, 0x02, 0x22, 0xfe, 0xc9, 0x1c,
  0x3c, 0x18, 0x36, 0x3a, 0x01, 0x37, 0xfd, 0xde, 0x00, 0x01, 0x00, 0x0a,
  0x00, 0x00, 0x03, 0x4e, 0x02, 0x22, 0x00, 0x2a, 0x00, 0x21, 0x40, 0x1e,
  0x21, 0x14, 0x05, 0x03, 0x00, 0x01, 0x01, 0x4c, 0x03, 0x02, 0x02, 0x01,
  0x01, 0x6d, 0x4d, 0x04, 0x01, 0x00, 0x00, 0x6b, 0x00, 0x4e, 0x11, 0x1b,
  0x1c, 0x11, 0x1c, 0x05, 0x0d, 0x1b, 0x2b, 0x25, 0x2e, 0x03, 0x27, 0x23,
  0x0e, 0x03, 0x07, 0x07, 0x23, 0x03, 0x33, 0x17, 0x1e, 0x02, 0x17, 0x33,
  0x3e, 0x03, 0x37, 0x13, 0x33, 0x13, 0x1e, 0x02, 0x15, 0x33, 0x3e, 0x02,
  0x37, 0x37, 0x33, 0x03, 0x23, 0x01, 0xe5, 0x04, 0x0f, 0x12, 0x10, 0x03,
  0x04, 0x03, 0x0f, 0x12, 0x10, 0x04, 0x2c, 0xa0, 0x9b, 0x94, 0x3f, 0x07,
  0x0b, 0x0a, 0x02, 0x04, 0x01, 0x06, 0x09, 0x07, 0x02, 0x43, 0xa4, 0x40,
  0x04, 0x0b, 0x09, 0x04, 0x02, 0x0a, 0x0d, 0x07, 0x41, 0x92, 0x9d, 0xa2,
  0xbf, 0x11, 0x43, 0x4d, 0x41, 0x0f, 0x0f, 0x41, 0x4d, 0x44, 0x12, 0xbd,
  0x02, 0x22, 0xf2, 0x19, 0x46, 0x41, 0x13, 0x0e, 0x2f, 0x32, 0x29, 0x07,
  0x01, 0x06, 0xfe, 0xfa, 0x0e, 0x3e, 0x40, 0x13, 0x11, 0x41, 0x48, 0x19,
  0xf2, 0xfd, 0xde, 0x00, 0x00, 0x01, 0x00, 0x05, 0x00, 0x00, 0x02, 0x3d,
  0x02, 0x22, 0x00, 0x0b, 0x00, 0x1f, 0x40, 0x1c, 0x09, 0x06, 0x03, 0x03,
  0x02, 0x00, 0x01, 0x4c, 0x01, 0x01, 0x00, 0x00, 0x6d, 0x4d, 0x03, 0x01,
  0x02, 0x02, 0x6b, 0x02, 0x4e, 0x12, 0x12, 0x12, 0x11, 0x04, 0x0d, 0x1a,
  0x2b, 0x13, 0x03, 0x33, 0x17, 0x37, 0x33, 0x03, 0x13, 0x23, 0x27, 0x07,
  0x23, 0xbe, 0xb0, 0xa9, 0x6a, 0x6b, 0xa9, 0xb2, 0xba, 0xa9, 0x73, 0x73,
  0xa9, 0x01, 0x17, 0x01, 0x0b, 0xae, 0xae, 0xfe, 0xf5, 0xfe, 0xe9, 0xbb,
  0xbb, 0x00, 0x00, 0x01, 0x00, 0x00, 0xff, 0x10, 0x02, 0x39, 0x02, 0x22,
  0x00, 0x1a, 0x00, 0x27, 0x40, 0x24, 0x1a, 0x13, 0x05, 0x03, 0x03, 0x00,
  0x12, 0x01, 0x02, 0x03, 0x02, 0x4c, 0x01, 0x01, 0x00, 0x00, 0x6d, 0x4d,
  0x00, 0x03, 0x03, 0x02, 0x62, 0x00, 0x02, 0x02, 0x6f, 0x02, 0x4e, 0x25,
  0x23, 0x19, 0x10, 0x04, 0x0d, 0x1a, 0x2b, 0x11, 0x33, 0x13, 0x16, 0x16,
  0x17, 0x33, 0x36, 0x36, 0x37, 0x13, 0x33, 0x03, 0x06, 0x06, 0x23, 0x22,
  0x26, 0x27, 0x35, 0x16, 0x16, 0x33, 0x32, 0x36, 0x37, 0x37, 0xa3, 0x67,
  0x08, 0x08, 0x02, 0x03, 0x03, 0x0b, 0x07, 0x65, 0xa0, 0xe7, 0x1f, 0x77,
  0x4e, 0x19, 0x25, 0x0e, 0x0b, 0x1f, 0x11, 0x2f, 0x37, 0x0d, 0x09, 0x02,
  0x22, 0xfe, 0xcd, 0x16, 0x2f, 0x1a, 0x1a, 0x2f, 0x16, 0x01, 0x33, 0xfd,
  0x98, 0x55, 0x55, 0x05, 0x03, 0x76, 0x02, 0x04, 0x39, 0x28, 0x1b, 0x00,
  0x00, 0x01, 0x00, 0x1b, 0x00, 0x00, 0x01, 0xca, 0x02, 0x22, 0x00, 0x09,
  0x00, 0x29, 0x40, 0x26, 0x07, 0x01, 0x01, 0x02, 0x02, 0x01, 0x00, 0x03,
  0x02, 0x4c, 0x00, 0x01, 0x01, 0x02, 0x5f, 0x00, 0x02, 0x02, 0x6d, 0x4d,
  0x00, 0x03, 0x03, 0x00, 0x5f, 0x00, 0x00, 0x00, 0x6b, 0x00, 0x4e, 0x12,
  0x11, 0x12, 0x10, 0x04, 0x0d, 0x1a, 0x2b, 0x21, 0x21, 0x35, 0x13, 0x23,
  0x35, 0x21, 0x15, 0x03, 0x33, 0x01, 0xca, 0xfe, 0x51, 0xfd, 0xee, 0x01,
  0x97, 0xf6, 0xff, 0x58, 0x01, 0x58, 0x72, 0x61, 0xfe, 0xb1, 0x00, 0x01,
  0x00, 0x0f, 0xff, 0x62, 0x01, 0x62, 0x02, 0xca, 0x00, 0x1f, 0x00, 0x2c,
  0x40, 0x29, 0x18, 0x01, 0x01, 0x02, 0x01, 0x4c, 0x00, 0x02, 0x00, 0x01,
  0x05, 0x02, 0x01, 0x69, 0x00, 0x05, 0x00, 0x00, 0x05, 0x00, 0x65, 0x00,
  0x04, 0x04, 0x03, 0x61, 0x00, 0x03, 0x03, 0x6a, 0x04, 0x4e, 0x1b, 0x11,
  0x16, 0x11, 0x16, 0x10, 0x06, 0x0d, 0x1c, 0x2b, 0x05, 0x22, 0x26, 0x26,
  0x35, 0x35, 0x34, 0x26, 0x23, 0x35, 0x32, 0x36, 0x35, 0x35, 0x34, 0x36,
  0x36, 0x33, 0x15, 0x06, 0x06, 0x15, 0x15, 0x14, 0x07, 0x15, 0x16, 0x15,
  0x15, 0x14, 0x16, 0x17, 0x01, 0x62, 0x55, 0x5d, 0x24, 0x40, 0x3d, 0x3d,
  0x40, 0x24, 0x5d, 0x55, 0x27, 0x2e, 0x72, 0x72, 0x2e, 0x27, 0x9e, 0x1c,
  0x3c, 0x30, 0x9a, 0x2f, 0x28, 0x75, 0x28, 0x2f, 0x9b, 0x30, 0x3c, 0x1c,
  0x6e, 0x01, 0x1a, 0x2a, 0x92, 0x5b, 0x11, 0x06, 0x11, 0x5b, 0x92, 0x2a,
  0x1a, 0x01, 0x00, 0x01, 0x00, 0xde, 0xff, 0x1d, 0x01, 0x49, 0x02, 0xf5,
  0x00, 0x03, 0x00, 0x28, 0x4b, 0xb0, 0x27, 0x50, 0x58, 0x40, 0x0b, 0x00,
  0x00, 0x00, 0x6c, 0x4d, 0x00, 0x01, 0x01, 0x6f, 0x01, 0x4e, 0x1b, 0x40,
  0x0b, 0x00, 0x01, 0x01, 0x00, 0x5f, 0x00, 0x00, 0x00, 0x6c, 0x01, 0x4e,
  0x59, 0xb4, 0x11, 0x10, 0x02, 0x0d, 0x18, 0x2b, 0x13, 0x33, 0x11, 0x23,
  0xde, 0x6b, 0x6b, 0x02, 0xf5, 0xfc, 0x28, 0x00, 0x00, 0x01, 0x00, 0x28,
  0xff, 0x62, 0x01, 0x7b, 0x02, 0xca, 0x00, 0x1f, 0x00, 0x2c, 0x40, 0x29,
  0x06, 0x01, 0x04, 0x03, 0x01, 0x4c, 0x00, 0x03, 0x00, 0x04, 0x00, 0x03,
  0x04, 0x69, 0x00, 0x00, 0x00, 0x05, 0x00, 0x05, 0x65, 0x00, 0x01, 0x01,
  0x02, 0x61, 0x00, 0x02, 0x02, 0x6a, 0x01, 0x4e, 0x16, 0x11, 0x16, 0x11,
  0x1b, 0x10, 0x06, 0x0d, 0x1c, 0x2b, 0x17, 0x36, 0x36, 0x35, 0x35, 0x34,
  0x37, 0x35, 0x26, 0x35, 0x35, 0x34, 0x26, 0x27, 0x35, 0x32, 0x16, 0x16,
  0x15, 0x15, 0x14, 0x16, 0x33, 0x15, 0x22, 0x06, 0x15, 0x15, 0x14, 0x06,
  0x06, 0x23, 0x28, 0x27, 0x2e, 0x72, 0x72, 0x2e, 0x27, 0x56, 0x5c, 0x24,
  0x40, 0x3d, 0x3d, 0x40, 0x24, 0x5c, 0x56, 0x30, 0x01, 0x1a, 0x2a, 0x92,
  0x5b, 0x11, 0x06, 0x11, 0x5b, 0x92, 0x2a, 0x1a, 0x01, 0x6e, 0x1c, 0x3c,
  0x30, 0x9b, 0x2f, 0x28, 0x75, 0x28, 0x2f, 0x9a, 0x30, 0x3c, 0x1c, 0x00,
  0x00, 0x01, 0x00, 0x2b, 0x01, 0x0d, 0x02, 0x10, 0x01, 0xb4, 0x00, 0x17,
  0x00, 0x3c, 0xb1, 0x06, 0x64, 0x44, 0x40, 0x31, 0x07, 0x01, 0x02, 0x01,
  0x13, 0x01, 0x03, 0x00, 0x02, 0x4c, 0x12, 0x01, 0x01, 0x4a, 0x06, 0x01,
  0x03, 0x49, 0x00, 0x02, 0x00, 0x03, 0x02, 0x59, 0x00, 0x01, 0x00, 0x00,
  0x03, 0x01, 0x00, 0x69, 0x00, 0x02, 0x02, 0x03, 0x61, 0x00, 0x03, 0x02,
  0x03, 0x51, 0x24, 0x24, 0x24, 0x22, 0x04, 0x0d, 0x1a, 0x2b, 0xb1, 0x06,
  0x00, 0x44, 0x01, 0x26, 0x26, 0x23, 0x22, 0x06, 0x07, 0x35, 0x36, 0x33,
  0x32, 0x16, 0x17, 0x16, 0x16, 0x33, 0x32, 0x36, 0x37, 0x15, 0x06, 0x23,
  0x22, 0x26, 0x01, 0x0c, 0x25, 0x33, 0x17, 0x1c, 0x3d, 0x19, 0x32, 0x4b,
  0x1d, 0x3b, 0x2f, 0x25, 0x34, 0x16, 0x1d, 0x3c, 0x19, 0x32, 0x4b, 0x1d,
  0x3b, 0x01, 0x2d, 0x10, 0x0b, 0x22, 0x19, 0x71, 0x35, 0x0b, 0x14, 0x10,
  0x0b, 0x22, 0x19, 0x71, 0x35, 0x0c, 0x00, 0x01, 0x00, 0x17, 0x01, 0xa0,
  0x01, 0x57, 0x03, 0x56, 0x00, 0x17, 0x00, 0x30, 0x40, 0x2d, 0x0c, 0x01,
  0x01, 0x02, 0x0b, 0x01, 0x03, 0x01, 0x02, 0x01, 0x00, 0x03, 0x03, 0x4c,
  0x00, 0x02, 0x00, 0x01, 0x03, 0x02, 0x01, 0x69, 0x00, 0x03, 0x00, 0x00,
  0x03, 0x57, 0x00, 0x03, 0x03, 0x00, 0x5f, 0x00, 0x00, 0x03, 0x00, 0x4f,
  0x16, 0x24, 0x27, 0x10, 0x04, 0x0c, 0x1a, 0x2b, 0x01, 0x21, 0x35, 0x37,
  0x36, 0x36, 0x35, 0x34, 0x26, 0x23, 0x22, 0x07, 0x27, 0x36, 0x36, 0x33,
  0x32, 0x16, 0x15, 0x14, 0x06, 0x07, 0x07, 0x33, 0x01, 0x57, 0xfe, 0xc4,
  0x6d, 0x2d, 0x21, 0x17, 0x14, 0x27, 0x31, 0x3c, 0x20, 0x4f, 0x35, 0x41,
  0x4f, 0x32, 0x3b, 0x33, 0xac, 0x01, 0xa0, 0x52, 0x6b, 0x2c, 0x2f, 0x1a,
  0x12, 0x14, 0x2b, 0x4a, 0x1c, 0x23, 0x3f, 0x3b, 0x2d, 0x4a, 0x35, 0x2e,
  0x00, 0x01, 0x00, 0x1d, 0x01, 0x98, 0x01, 0x53, 0x03, 0x55, 0x00, 0x27,
  0x00, 0x4d, 0x40, 0x4a, 0x25, 0x01, 0x05, 0x00, 0x24, 0x01, 0x04, 0x05,
  0x06, 0x01, 0x03, 0x04, 0x10, 0x01, 0x02, 0x03, 0x0f, 0x01, 0x01, 0x02,
  0x05, 0x4c, 0x06, 0x01, 0x00, 0x00, 0x05, 0x04, 0x00, 0x05, 0x69, 0x00,
  0x04, 0x00, 0x03, 0x02, 0x04, 0x03, 0x69, 0x00, 0x02, 0x01, 0x01, 0x02,
  0x59, 0x00, 0x02, 0x02, 0x01, 0x61, 0x00, 0x01, 0x02, 0x01, 0x51, 0x01,
  0x00, 0x22, 0x20, 0x1c, 0x1a, 0x19, 0x17, 0x14, 0x12, 0x0e, 0x0c, 0x00,
  0x27, 0x01, 0x27, 0x07, 0x0c, 0x16, 0x2b, 0x13, 0x32, 0x16, 0x15, 0x14,
  0x06, 0x07, 0x15, 0x16, 0x16, 0x15, 0x14, 0x06, 0x23, 0x22, 0x27, 0x35,
  0x16, 0x16, 0x33, 0x32, 0x35, 0x34, 0x26, 0x23, 0x23, 0x35, 0x33, 0x32,
  0x36, 0x35, 0x34, 0x26, 0x23, 0x22, 0x06, 0x07, 0x27, 0x36, 0x36, 0xb8,
  0x3d, 0x50, 0x27, 0x2c, 0x32, 0x2f, 0x56, 0x5b, 0x47, 0x3e, 0x20, 0x41,
  0x23, 0x46, 0x22, 0x2f, 0x37, 0x2d, 0x33, 0x1d, 0x18, 0x19, 0x17, 0x29,
  0x1c, 0x31, 0x1e, 0x4a, 0x03, 0x55, 0x3d, 0x34, 0x22, 0x31, 0x0e, 0x06,
  0x0a, 0x39, 0x23, 0x3b, 0x44, 0x22, 0x5d, 0x13, 0x19, 0x34, 0x14, 0x20,
  0x4e, 0x21, 0x14, 0x13, 0x18, 0x12, 0x14, 0x45, 0x17, 0x1e, 0x00, 0x01,
  0x00, 0x2d, 0x01, 0xa0, 0x01, 0x1d, 0x03, 0x4c, 0x00, 0x0d, 0x00, 0x26,
  0x40, 0x23, 0x0c, 0x0b, 0x02, 0x00, 0x01, 0x01, 0x4c, 0x02, 0x01, 0x01,
  0x00, 0x00, 0x01, 0x57, 0x02, 0x01, 0x01, 0x01, 0x00, 0x5f, 0x00, 0x00,
  0x01, 0x00, 0x4f, 0x00, 0x00, 0x00, 0x0d, 0x00, 0x0d, 0x11, 0x03, 0x0c,
  0x17, 0x2b, 0x01, 0x11, 0x23, 0x35, 0x34, 0x36, 0x36, 0x37, 0x06, 0x06,
  0x07, 0x07, 0x27, 0x37, 0x01, 0x1d, 0x74, 0x01, 0x02, 0x01, 0x06, 0x17,
  0x08, 0x26, 0x35, 0x93, 0x03, 0x4c, 0xfe, 0x54, 0xda, 0x0d, 0x2a, 0x27,
  0x07, 0x08, 0x17, 0x07, 0x1e, 0x3e, 0x73, 0x00, 0x00, 0x01, 0xff, 0x40,
  0x00, 0x00, 0x01, 0x41, 0x02, 0xca, 0x00, 0x03, 0x00, 0x19, 0x40, 0x16,
  0x02, 0x01, 0x01, 0x01, 0x6a, 0x4d, 0x00, 0x00, 0x00, 0x6b, 0x00, 0x4e,
  0x00, 0x00, 0x00, 0x03, 0x00, 0x03, 0x11, 0x03, 0x0d, 0x17, 0x2b, 0x01,
  0x01, 0x23, 0x01, 0x01, 0x41, 0xfe, 0x74, 0x75, 0x01, 0x8c, 0x02, 0xca,
  0xfd, 0x36, 0x02, 0xca, 0x00, 0x02, 0x00, 0x06, 0x01, 0xa0, 0x01, 0x72,
  0x03, 0x4f, 0x00, 0x0a, 0x00, 0x12, 0x00, 0x30, 0x40, 0x2d, 0x0d, 0x01,
  0x04, 0x03, 0x06, 0x01, 0x00, 0x04, 0x02, 0x4c, 0x00, 0x03, 0x04, 0x01,
  0x03, 0x57, 0x05, 0x01, 0x04, 0x02, 0x01, 0x00, 0x01, 0x04, 0x00, 0x67,
  0x00, 0x03, 0x03, 0x01, 0x5f, 0x00, 0x01, 0x03, 0x01, 0x4f, 0x17, 0x11,
  0x12, 0x11, 0x11, 0x10, 0x06, 0x0c, 0x1c, 0x2b, 0x01, 0x23, 0x15, 0x23,
  0x35, 0x23, 0x35, 0x13, 0x33, 0x11, 0x33, 0x27, 0x34, 0x37, 0x06, 0x06,
  0x07, 0x07, 0x33, 0x01, 0x72, 0x3d, 0x74, 0xbb, 0xbc, 0x73, 0x3d, 0xb1,
  0x03, 0x05, 0x18, 0x09, 0x3e, 0x61, 0x01, 0xea, 0x4a, 0x4a, 0x4b, 0x01,
  0x1a, 0xfe, 0xed, 0x50, 0x2a, 0x30, 0x0d, 0x32, 0x0e, 0x5d, 0x00, 0x01,
  0x00, 0x29, 0x01, 0x98, 0x01, 0x5d, 0x03, 0x4c, 0x00, 0x1d, 0x00, 0x42,
  0x40, 0x3f, 0x1c, 0x03, 0x02, 0x04, 0x01, 0x1b, 0x10, 0x02, 0x03, 0x04,
  0x0f, 0x01, 0x02, 0x03, 0x03, 0x4c, 0x06, 0x01, 0x05, 0x00, 0x00, 0x01,
  0x05, 0x00, 0x67, 0x00, 0x01, 0x00, 0x04, 0x03, 0x01, 0x04, 0x69, 0x00,
  0x03, 0x02, 0x02, 0x03, 0x59, 0x00, 0x03, 0x03, 0x02, 0x61, 0x00, 0x02,
  0x03, 0x02, 0x51, 0x00, 0x00, 0x00, 0x1d, 0x00, 0x1d, 0x23, 0x25, 0x24,
  0x23, 0x11, 0x07, 0x0c, 0x1b, 0x2b, 0x01, 0x15, 0x23, 0x07, 0x36, 0x36,
  0x33, 0x32, 0x16, 0x15, 0x14, 0x06, 0x23, 0x22, 0x26, 0x27, 0x35, 0x16,
  0x16, 0x33, 0x32, 0x36, 0x35, 0x34, 0x23, 0x22, 0x06, 0x07, 0x27, 0x37,
  0x01, 0x40, 0xae, 0x08, 0x0b, 0x1c, 0x11, 0x41, 0x5a, 0x5d, 0x59, 0x22,
  0x44, 0x18, 0x18, 0x42, 0x1a, 0x26, 0x2e, 0x52, 0x0c, 0x22, 0x0c, 0x35,
  0x12, 0x03, 0x4c, 0x5a, 0x42, 0x02, 0x02, 0x45, 0x42, 0x46, 0x4f, 0x0c,
  0x0d, 0x5e, 0x10, 0x14, 0x1e, 0x22, 0x3e, 0x05, 0x04, 0x15, 0xd7, 0x00,
  0x00, 0x01, 0x00, 0x1d, 0x01, 0xa0, 0x01, 0x63, 0x03, 0x4c, 0x00, 0x06,
  0x00, 0x2a, 0x40, 0x27, 0x05, 0x01, 0x00, 0x01, 0x01, 0x4c, 0x03, 0x01,
  0x02, 0x00, 0x02, 0x86, 0x00, 0x01, 0x00, 0x00, 0x01, 0x57, 0x00, 0x01,
  0x01, 0x00, 0x5f, 0x00, 0x00, 0x01, 0x00, 0x4f, 0x00, 0x00, 0x00, 0x06,
  0x00, 0x06, 0x11, 0x11, 0x04, 0x0c, 0x18, 0x2b, 0x13, 0x13, 0x23, 0x35,
  0x21, 0x15, 0x03, 0x4b, 0xa6, 0xd4, 0x01, 0x46, 0x9d, 0x01, 0xa0, 0x01,
  0x52, 0x5a, 0x49, 0xfe, 0x9d, 0x00, 0x00, 0x03, 0x00, 0x16, 0x01, 0x96,
  0x01, 0x65, 0x03, 0x56, 0x00, 0x18, 0x00, 0x24, 0x00, 0x31, 0x00, 0x39,
  0x40, 0x36, 0x31, 0x1f, 0x12, 0x06, 0x04, 0x03, 0x02, 0x01, 0x4c, 0x04,
  0x01, 0x00, 0x05, 0x01, 0x02, 0x03, 0x00, 0x02, 0x69, 0x00, 0x03, 0x01,
  0x01, 0x03, 0x59, 0x00, 0x03, 0x03, 0x01, 0x61, 0x00, 0x01, 0x03, 0x01,
  0x51, 0x1a, 0x19, 0x01, 0x00, 0x2c, 0x2a, 0x19, 0x24, 0x1a, 0x24, 0x0d,
  0x0b, 0x00, 0x18, 0x01, 0x18, 0x06, 0x0c, 0x16, 0x2b, 0x13, 0x32, 0x16,
  0x15, 0x14, 0x06, 0x07, 0x16, 0x16, 0x15, 0x14, 0x06, 0x23, 0x22, 0x26,
  0x35, 0x34, 0x36, 0x37, 0x26, 0x26, 0x35, 0x34, 0x36, 0x36, 0x17, 0x22,
  0x06, 0x15, 0x14, 0x16, 0x17, 0x36, 0x36, 0x35, 0x34, 0x26, 0x07, 0x06,
  0x06, 0x15, 0x14, 0x16, 0x33, 0x32, 0x36, 0x35, 0x34, 0x26, 0x27, 0xbe,
  0x3f, 0x58, 0x29, 0x1d, 0x21, 0x35, 0x5c, 0x4b, 0x52, 0x56, 0x2e, 0x1f,
  0x1a, 0x24, 0x2a, 0x45, 0x29, 0x15, 0x16, 0x19, 0x13, 0x13, 0x18, 0x15,
  0x1f, 0x17, 0x1a, 0x1c, 0x1c, 0x1d, 0x1d, 0x1f, 0x1c, 0x03, 0x56, 0x37,
  0x37, 0x25, 0x2f, 0x11, 0x12, 0x30, 0x29, 0x38, 0x4a, 0x47, 0x38, 0x29,
  0x31, 0x10, 0x13, 0x31, 0x25, 0x24, 0x31, 0x19, 0x4d, 0x17, 0x0e, 0x14,
  0x18, 0x0b, 0x0a, 0x18, 0x15, 0x0e, 0x17, 0xb7, 0x0a, 0x1d, 0x16, 0x16,
  0x1c, 0x1c, 0x16, 0x14, 0x1d, 0x0a, 0x00, 0x02, 0x00, 0x14, 0x01, 0x96,
  0x01, 0x67, 0x03, 0x56, 0x00, 0x0b, 0x00, 0x13, 0x00, 0x31, 0x40, 0x2e,
  0x00, 0x01, 0x00, 0x03, 0x02, 0x01, 0x03, 0x69, 0x05, 0x01, 0x02, 0x00,
  0x00, 0x02, 0x59, 0x05, 0x01, 0x02, 0x02, 0x00, 0x61, 0x04, 0x01, 0x00,
  0x02, 0x00, 0x51, 0x0d, 0x0c, 0x01, 0x00, 0x11, 0x0f, 0x0c, 0x13, 0x0d,
  0x13, 0x07, 0x05, 0x00, 0x0b, 0x01, 0x0b, 0x06, 0x0c, 0x16, 0x2b, 0x13,
  0x22, 0x26, 0x35, 0x34, 0x36, 0x33, 0x32, 0x16, 0x15, 0x14, 0x06, 0x27,
  0x32, 0x35, 0x34, 0x23, 0x22, 0x15, 0x14, 0xbc, 0x52, 0x56, 0x50, 0x58,
  0x54, 0x57, 0x52, 0x58, 0x2f, 0x2f, 0x2e, 0x01, 0x96, 0x77, 0x6a, 0x6a,
  0x75, 0x75, 0x6a, 0x6a, 0x77, 0x65, 0x7b, 0x7a, 0x7a, 0x7b, 0x00, 0x02,
  0x00, 0x19, 0x01, 0x98, 0x01, 0x66, 0x03, 0x55, 0x00, 0x1b, 0x00, 0x27,
  0x00, 0x4a, 0x40, 0x47, 0x03, 0x01, 0x01, 0x00, 0x04, 0x01, 0x02, 0x01,
  0x0a, 0x01, 0x04, 0x02, 0x03, 0x4c, 0x06, 0x01, 0x00, 0x00, 0x01, 0x02,
  0x00, 0x01, 0x69, 0x00, 0x02, 0x07, 0x01, 0x04, 0x05, 0x02, 0x04, 0x69,
  0x00, 0x05, 0x03, 0x03, 0x05, 0x59, 0x00, 0x05, 0x05, 0x03, 0x61, 0x00,
  0x03, 0x05, 0x03, 0x51, 0x1d, 0x1c, 0x01, 0x00, 0x23, 0x21, 0x1c, 0x27,
  0x1d, 0x27, 0x15, 0x13, 0x0f, 0x0d, 0x07, 0x05, 0x00, 0x1b, 0x01, 0x1b,
  0x08, 0x0c, 0x16, 0x2b, 0x01, 0x32, 0x16, 0x17, 0x15, 0x26, 0x23, 0x22,
  0x06, 0x06, 0x07, 0x33, 0x36, 0x36, 0x33, 0x32, 0x16, 0x15, 0x14, 0x06,
  0x23, 0x22, 0x26, 0x35, 0x34, 0x3e, 0x02, 0x17, 0x22, 0x06, 0x15, 0x14,
  0x16, 0x33, 0x32, 0x36, 0x35, 0x34, 0x26, 0x01, 0x02, 0x0e, 0x24, 0x0c,
  0x18, 0x19, 0x36, 0x3b, 0x19, 0x02, 0x04, 0x0d, 0x2e, 0x25, 0x3b, 0x44,
  0x57, 0x4a, 0x4c, 0x60, 0x15, 0x34, 0x5b, 0x04, 0x1d, 0x20, 0x1c, 0x1f,
  0x1a, 0x20, 0x1b, 0x03, 0x55, 0x04, 0x03, 0x5c, 0x0b, 0x1f, 0x35, 0x23,
  0x12, 0x1e, 0x47, 0x41, 0x41, 0x55, 0x65, 0x61, 0x2f, 0x58, 0x47, 0x29,
  0xe9, 0x21, 0x13, 0x1a, 0x2f, 0x23, 0x1f, 0x1b, 0x20, 0x00, 0x00, 0x02,
  0x00, 0x15, 0x01, 0x98, 0x01, 0x62, 0x03, 0x55, 0x00, 0x1b, 0x00, 0x27,
  0x00, 0x4a, 0x40, 0x47, 0x12, 0x01, 0x03, 0x05, 0x0c, 0x01, 0x02, 0x03,
  0x0b, 0x01, 0x01, 0x02, 0x03, 0x4c, 0x06, 0x01, 0x00, 0x07, 0x01, 0x04,
  0x05, 0x00, 0x04, 0x69, 0x00, 0x05, 0x00, 0x03, 0x02, 0x05, 0x03, 0x69,
  0x00, 0x02, 0x01, 0x01, 0x02, 0x59, 0x00, 0x02, 0x02, 0x01, 0x61, 0x00,
  0x01, 0x02, 0x01, 0x51, 0x1d, 0x1c, 0x01, 0x00, 0x23, 0x21, 0x1c, 0x27,
  0x1d, 0x27, 0x17, 0x15, 0x0f, 0x0d, 0x09, 0x07, 0x00, 0x1b, 0x01, 0x1b,
  0x08, 0x0c, 0x16, 0x2b, 0x13, 0x32, 0x16, 0x15, 0x14, 0x0e, 0x02, 0x23,
  0x22, 0x26, 0x27, 0x35, 0x16, 0x33, 0x32, 0x36, 0x36, 0x37, 0x23, 0x06,
  0x06, 0x23, 0x22, 0x26, 0x35, 0x34, 0x36, 0x17, 0x22, 0x06, 0x15, 0x14,
  0x16, 0x33, 0x32, 0x36, 0x35, 0x34, 0x26, 0xb6, 0x4d, 0x5f, 0x15, 0x34,
  0x5b, 0x45, 0x0d, 0x25, 0x0c, 0x18, 0x19, 0x36, 0x3b, 0x19, 0x02, 0x04,
  0x0d, 0x2e, 0x25, 0x3a, 0x45, 0x57, 0x50, 0x19, 0x21, 0x1c, 0x1c, 0x1d,
  0x20, 0x1c, 0x03, 0x55, 0x64, 0x62, 0x2f, 0x58, 0x47, 0x29, 0x04, 0x03,
  0x5c, 0x0b, 0x1f, 0x36, 0x22, 0x12, 0x1e, 0x48, 0x40, 0x41, 0x55, 0x57,
  0x22, 0x20, 0x1b, 0x20, 0x21, 0x13, 0x1a, 0x2f, 0xff, 0xff, 0x00, 0x14,
  0x00, 0x00, 0x03, 0x33, 0x02, 0xfd, 0x00, 0x26, 0x00, 0x47, 0x00, 0x00,
  0x00, 0x07, 0x00, 0x47, 0x01, 0x83, 0x00, 0x00, 0xff, 0xff, 0x00, 0x14,
  0x00, 0x00, 0x02, 0x6d, 0x02, 0xfd, 0x00, 0x26, 0x00, 0x47, 0x00, 0x00,
  0x00, 0x07, 0x00, 0x4a, 0x01, 0x83, 0x00, 0x00, 0xff, 0xff, 0x00, 0x14,
  0x00, 0x00, 0x02, 0x66, 0x02, 0xfd, 0x00, 0x26, 0x00, 0x47, 0x00, 0x00,
  0x00, 0x07, 0x00, 0x4d, 0x01, 0x83, 0x00, 0x00, 0xff, 0xff, 0x00, 0x14,
  0x00, 0x00, 0x03, 0xf0, 0x02, 0xfd, 0x00, 0x26, 0x00, 0x47, 0x00, 0x00,
  0x00, 0x27, 0x00, 0x47, 0x01, 0x83, 0x00, 0x00, 0x00, 0x07, 0x00, 0x4a,
  0x03, 0x06, 0x00, 0x00, 0xff, 0xff, 0x00, 0x14, 0x00, 0x00, 0x03, 0xe9,
  0x02, 0xfd, 0x00, 0x26, 0x00, 0x47, 0x00, 0x00, 0x00, 0x27, 0x00, 0x47,
  0x01, 0x83, 0x00, 0x00, 0x00, 0x07, 0x00, 0x4d, 0x03, 0x06, 0x00, 0x00,
  0xff, 0xff, 0x00, 0x14, 0xff, 0xf6, 0x01, 0x67, 0x01, 0xb6, 0x03, 0x07,
  0x00, 0x68, 0x00, 0x00, 0xfe, 0x60, 0x00, 0x09, 0xb1, 0x00, 0x02, 0xb8,
  0xfe, 0x60, 0xb0, 0x35, 0x2b, 0x00, 0xff, 0xff, 0x00, 0x2d, 0x00, 0x00,
  0x01, 0x1d, 0x01, 0xac, 0x03, 0x07, 0x00, 0x62, 0x00, 0x00, 0xfe, 0x60,
  0x00, 0x09, 0xb1, 0x00, 0x01, 0xb8, 0xfe, 0x60, 0xb0, 0x35, 0x2b, 0x00,
  0xff, 0xff, 0x00, 0x17, 0x00, 0x00, 0x01, 0x57, 0x01, 0xb6, 0x03, 0x07,
  0x00, 0x60, 0x00, 0x00, 0xfe, 0x60, 0x00, 0x09, 0xb1, 0x00, 0x01, 0xb8,
  0xfe, 0x60, 0xb0, 0x35, 0x2b, 0x00, 0xff, 0xff, 0x00, 0x1d, 0xff, 0xf8,
  0x01, 0x53, 0x01, 0xb5, 0x03, 0x07, 0x00, 0x61, 0x00, 0x00, 0xfe, 0x60,
  0x00, 0x09, 0xb1, 0x00, 0x01, 0xb8, 0xfe, 0x60, 0xb0, 0x35, 0x2b, 0x00,
  0xff, 0xff, 0x00, 0x06, 0x00, 0x00, 0x01, 0x72, 0x01, 0xaf, 0x03, 0x07,
  0x00, 0x64, 0x00, 0x00, 0xfe, 0x60, 0x00, 0x09, 0xb1, 0x00, 0x02, 0xb8,
  0xfe, 0x60, 0xb0, 0x35, 0x2b, 0x00, 0xff, 0xff, 0x00, 0x29, 0xff, 0xf8,
  0x01, 0x5d, 0x01, 0xac, 0x03, 0x07, 0x00, 0x65, 0x00, 0x00, 0xfe, 0x60,
  0x00, 0x09, 0xb1, 0x00, 0x01, 0xb8, 0xfe, 0x60, 0xb0, 0x35, 0x2b, 0x00,
  0xff, 0xff, 0x00, 0x19, 0xff, 0xf8, 0x01, 0x66, 0x01, 0xb5, 0x03, 0x07,
  0x00, 0x69, 0x00, 0x00, 0xfe, 0x60, 0x00, 0x09, 0xb1, 0x00, 0x02, 0xb8,
  0xfe, 0x60, 0xb0, 0x35, 0x2b, 0x00, 0xff, 0xff, 0x00, 0x1d, 0x00, 0x00,
  0x01, 0x63, 0x01, 0xac, 0x03, 0x07, 0x00, 0x66, 0x00, 0x00, 0xfe, 0x60,
  0x00, 0x09, 0xb1, 0x00, 0x01, 0xb8, 0xfe, 0x60, 0xb0, 0x35, 0x2b, 0x00,
  0xff, 0xff, 0x00, 0x16, 0xff, 0xf6, 0x01, 0x65, 0x01, 0xb6, 0x03, 0x07,
  0x00, 0x67, 0x00, 0x00, 0xfe, 0x60, 0x00, 0x09, 0xb1, 0x00, 0x03, 0xb8,
  0xfe, 0x60, 0xb0, 0x35, 0x2b, 0x00, 0xff, 0xff, 0x00, 0x15, 0xff, 0xf8,
  0x01, 0x62, 0x01, 0xb5, 0x03, 0x07, 0x00, 0x6a, 0x00, 0x00, 0xfe, 0x60,
  0x00, 0x09, 0xb1, 0x00, 0x02, 0xb8, 0xfe, 0x60, 0xb0, 0x35, 0x2b, 0x00,
  0xff, 0xff, 0x00, 0x14, 0x01, 0x14, 0x01, 0x67, 0x02, 0xd4, 0x03, 0x07,
  0x00, 0x68, 0x00, 0x00, 0xff, 0x7e, 0x00, 0x09, 0xb1, 0x00, 0x02, 0xb8,
  0xff, 0x7e, 0xb0, 0x35, 0x2b, 0x00, 0xff, 0xff, 0x00, 0x2d, 0x01, 0x1e,
  0x01, 0x1d, 0x02, 0xca, 0x03, 0x07, 0x00, 0x62, 0x00, 0x00, 0xff, 0x7e,
  0x00, 0x09, 0xb1, 0x00, 0x01, 0xb8, 0xff, 0x7e, 0xb0, 0x35, 0x2b, 0x00,
  0xff, 0xff, 0x00, 0x17, 0x01, 0x1e, 0x01, 0x57, 0x02, 0xd4, 0x03, 0x07,
  0x00, 0x60, 0x00, 0x00, 0xff, 0x7e, 0x00, 0x09, 0xb1, 0x00, 0x01, 0xb8,
  0xff, 0x7e, 0xb0, 0x35, 0x2b, 0x00, 0xff, 0xff, 0x00, 0x1d, 0x01, 0x16,
  0x01, 0x53, 0x02, 0xd3, 0x03, 0x07, 0x00, 0x61, 0x00, 0x00, 0xff, 0x7e,
  0x00, 0x09, 0xb1, 0x00, 0x01, 0xb8, 0xff, 0x7e, 0xb0, 0x35, 0x2b, 0x00,
  0xff, 0xff, 0x00, 0x06, 0x01, 0x1e, 0x01, 0x72, 0x02, 0xcd, 0x03, 0x07,
  0x00, 0x64, 0x00, 0x00, 0xff, 0x7e, 0x00, 0x09, 0xb1, 0x00, 0x02, 0xb8,
  0xff, 0x7e, 0xb0, 0x35, 0x2b, 0x00, 0xff, 0xff, 0x00, 0x29, 0x01, 0x16,
  0x01, 0x5d, 0x02, 0xca, 0x03, 0x07, 0x00, 0x65, 0x00, 0x00, 0xff, 0x7e,
  0x00, 0x09, 0xb1, 0x00, 0x01, 0xb8, 0xff, 0x7e, 0xb0, 0x35, 0x2b, 0x00,
  0xff, 0xff, 0x00, 0x19, 0x01, 0x16, 0x01, 0x66, 0x02, 0xd3, 0x03, 0x07,
  0x00, 0x69, 0x00, 0x00, 0xff, 0x7e, 0x00, 0x09, 0xb1, 0x00, 0x02, 0xb8,
  0xff, 0x7e, 0xb0, 0x35, 0x2b, 0x00, 0xff, 0xff, 0x00, 0x1d, 0x01, 0x1e,
  0x01, 0x63, 0x02, 0xca, 0x03, 0x07, 0x00, 0x66, 0x00, 0x00, 0xff, 0x7e,
  0x00, 0x09, 0xb1, 0x00, 0x01, 0xb8, 0xff, 0x7e, 0xb0, 0x35, 0x2b, 0x00,
  0xff, 0xff, 0x00, 0x16, 0x01, 0x14, 0x01, 0x65, 0x02, 0xd4, 0x03, 0x07,
  0x00, 0x67, 0x00, 0x00, 0xff, 0x7e, 0x00, 0x09, 0xb1, 0x00, 0x03, 0xb8,
  0xff, 0x7e, 0xb0, 0x35, 0x2b, 0x00, 0xff, 0xff, 0x00, 0x15, 0x01, 0x16,
  0x01, 0x62, 0x02, 0xd3, 0x03, 0x07, 0x00, 0x6a, 0x00, 0x00, 0xff, 0x7e,
  0x00, 0x09, 0xb1, 0x00, 0x02, 0xb8, 0xff, 0x7e, 0xb0, 0x35, 0x2b, 0x00,
  0x00, 0x01, 0x00, 0x00, 0x00, 0x84, 0x00, 0xca, 0x00, 0x18, 0x01, 0x18,
  0x00, 0x15, 0x00, 0x02, 0x00, 0x98, 0x00, 0xfc, 0x00, 0x8d, 0x00, 0x00,
  0x01, 0x89, 0x0e, 0x0c, 0x00, 0x08, 0x00, 0x08, 0x00, 0x00, 0x00, 0x00,
  0x00, 0x00, 0x00, 0x2c, 0x00, 0x54, 0x00, 0xa8, 0x01, 0x0f, 0x01, 0xbb,
  0x02, 0x4e, 0x02, 0x69, 0x02, 0x8d, 0x02, 0xb1, 0x02, 0xe1, 0x03, 0x09,
  0x03, 0x29, 0x03, 0x44, 0x03, 0x63, 0x03, 0x7f, 0x03, 0xb8, 0x03, 0xdf,
  0x04, 0x24, 0x04, 0x83, 0x04, 0xbc, 0x05, 0x0e, 0x05, 0x84, 0x05, 0xa9,
  0x06, 0x15, 0x06, 0x76, 0x06, 0xab, 0x06, 0xdd, 0x06, 0xf3, 0x07, 0x1e,
  0x07, 0x34, 0x07, 0x8b, 0x08, 0x37, 0x08, 0x71, 0x08, 0xc7, 0x09, 0x0f,
  0x09, 0x3e, 0x09, 0x69, 0x09, 0x8d, 0x09, 0xdd, 0x0a, 0x05, 0x0a, 0x2d,
  0x0a, 0x60, 0x0a, 0x8c, 0x0a, 0xaa, 0x0a, 0xe5, 0x0b, 0x15, 0x0b, 0x51,
  0x0b, 0x8b, 0x0b, 0xd1, 0x0c, 0x17, 0x0c, 0x6a, 0x0c, 0x88, 0x0c, 0xb5,
  0x0c, 0xe4, 0x0d, 0x38, 0x0d, 0x63, 0x0d, 0x87, 0x0d, 0xb2, 0x0d, 0xd1,
  0x0d, 0xed, 0x0e, 0x0c, 0x0e, 0x32, 0x0e, 0x4f, 0x0e, 0x7a, 0x0e, 0xf3,
  0x0f, 0x5d, 0x0f, 0xa1, 0x10, 0x16, 0x10, 0x68, 0x10, 0xac, 0x11, 0x36,
  0x11, 0x6e, 0x11, 0xa1, 0x11, 0xea, 0x12, 0x1d, 0x12, 0x32, 0x12, 0x99,
  0x12, 0xeb, 0x13, 0x24, 0x13, 0x97, 0x14, 0x05, 0x14, 0x58, 0x14, 0xab,
  0x14, 0xf2, 0x15, 0x3b, 0x15, 0x66, 0x15, 0xb8, 0x15, 0xe1, 0x16, 0x22,
  0x16, 0x4b, 0x16, 0x8f, 0x16, 0xb0, 0x16, 0xf4, 0x17, 0x39, 0x17, 0x78,
  0x17, 0xd7, 0x18, 0x06, 0x18, 0x22, 0x18, 0x5b, 0x18, 0xaa, 0x18, 0xd1,
  0x19, 0x37, 0x19, 0x6f, 0x19, 0xcf, 0x1a, 0x2e, 0x1a, 0x3a, 0x1a, 0x46,
  0x1a, 0x52, 0x1a, 0x62, 0x1a, 0x72, 0x1a, 0x81, 0x1a, 0x90, 0x1a, 0x9f,
  0x1a, 0xae, 0x1a, 0xbd, 0x1a, 0xcc, 0x1a, 0xdb, 0x1a, 0xea, 0x1a, 0xf9,
  0x1b, 0x08, 0x1b, 0x17, 0x1b, 0x26, 0x1b, 0x35, 0x1b, 0x44, 0x1b, 0x53,
  0x1b, 0x62, 0x1b, 0x71, 0x1b, 0x80, 0x1b, 0x8f, 0x1b, 0x9e, 0x00, 0x00,
  0x00, 0x01, 0x00, 0x00, 0x00, 0x02, 0x01, 0x06, 0x50, 0x13, 0x29, 0xbc,
  0x5f, 0x0f, 0x3c, 0xf5, 0x00, 0x07, 0x03, 0xe8, 0x00, 0x00, 0x00, 0x00,
  0xdc, 0x05, 0xd0, 0x3f, 0x00, 0x00, 0x00, 0x00, 0xdc, 0x0b, 0x8f, 0xc5,
  0xfd, 0x7c, 0xfe, 0x7b, 0x0a, 0xf0, 0x04, 0x2d, 0x00, 0x01, 0x00, 0x06,
  0x00, 0x02, 0x00, 0x00, 0x00, 0x00, 0x00, 0x00, 0x02, 0x58, 0x00, 0x5e,
  0x01, 0x04, 0x00, 0x00, 0x01, 0x1e, 0x00, 0x39, 0x01, 0xd8, 0x00, 0x41,
  0x02, 0x86, 0x00, 0x16, 0x02, 0x3c, 0x00, 0x2b, 0x03, 0x85, 0x00, 0x1f,
  0x02, 0xee, 0x00, 0x28, 0x01, 0x0a, 0x00, 0x41, 0x01, 0x53, 0x00, 0x28,
  0x01, 0x53, 0x00, 0x1e, 0x02, 0x21, 0x00, 0x1f, 0x02, 0x3c, 0x00, 0x2b,
  0x01, 0x1d, 0x00, 0x1f, 0x01, 0x42, 0x00, 0x1e, 0x01, 0x1d, 0x00, 0x39,
  0x01, 0x9d, 0x00, 0x07, 0x02, 0x3c, 0x00, 0x24, 0x02, 0x3c, 0x00, 0x3b,
  0x02, 0x3c, 0x00, 0x26, 0x02, 0x3c, 0x00, 0x26, 0x02, 0x3c, 0x00, 0x11,
  0x02, 0x3c, 0x00, 0x31, 0x02, 0x3c, 0x00, 0x23, 0x02, 0x3c, 0x00, 0x1b,
  0x02, 0x3c, 0x00, 0x23, 0x02, 0x3c, 0x00, 0x20, 0x01, 0x1d, 0x00, 0x39,
  0x01, 0x1d, 0x00, 0x1f, 0x02, 0x3c, 0x00, 0x2b, 0x02, 0x3c, 0x00, 0x2b,
  0x02, 0x3c, 0x00, 0x2b, 0x01, 0xdd, 0x00, 0x03, 0x03, 0x81, 0x00, 0x32,
  0x02, 0xb2, 0x00, 0x00, 0x02, 0xa0, 0x00, 0x5a, 0x02, 0x7d, 0x00, 0x3a,
  0x02, 0xe4, 0x00, 0x5a, 0x02, 0x30, 0x00, 0x5a, 0x02, 0x25, 0x00, 0x5a,
  0x02, 0xd4, 0x00, 0x3a, 0x02, 0xfd, 0x00, 0x5a, 0x01, 0x85, 0x00, 0x20,
  0x01, 0x4b, 0xff, 0xb6, 0x02, 0x98, 0x00, 0x5a, 0x02, 0x35, 0x00, 0x5a,
  0x03, 0xaf, 0x00, 0x5a, 0x03, 0x2d, 0x00, 0x5a, 0x03, 0x1c, 0x00, 0x3a,
  0x02, 0x74, 0x00, 0x5a, 0x03, 0x1c, 0x00, 0x3a, 0x02, 0x94, 0x00, 0x5a,
  0x02, 0x27, 0x00, 0x2e, 0x02, 0x43, 0x00, 0x14, 0x02, 0xf4, 0x00, 0x55,
  0x02, 0x8a, 0x00, 0x00, 0x03, 0xc7, 0x00, 0x00, 0x02, 0x9b, 0x00, 0x00,
  0x02, 0x70, 0x00, 0x00, 0x02, 0x43, 0x00, 0x18, 0x01, 0x4b, 0x00, 0x46,
  0x01, 0x9d, 0x00, 0x06, 0x01, 0x4b, 0x00, 0x19, 0x02, 0x3c, 0x00, 0x17,
  0x01, 0x9b, 0xff, 0xfe, 0x01, 0x6a, 0x00, 0x28, 0x02, 0x5c, 0x00, 0x2a,
  0x02, 0x79, 0x00, 0x4e, 0x02, 0x02, 0x00, 0x2d, 0x02, 0x79, 0x00, 0x2d,
  0x02, 0x4f, 0x00, 0x2d, 0x01, 0x83, 0x00, 0x14, 0x02, 0x79, 0x00, 0x2d,
  0x02, 0x91, 0x00, 0x4e, 0x01, 0x31, 0x00, 0x48, 0x01, 0x31, 0xff, 0xc0,
  0x02, 0x6c, 0x00, 0x4e, 0x01, 0x31, 0x00, 0x4e, 0x03, 0xd6, 0x00, 0x4e,
  0x02, 0x91, 0x00, 0x4e, 0x02, 0x6b, 0x00, 0x2d, 0x02, 0x79, 0x00, 0x4e,
  0x02, 0x79, 0x00, 0x2d, 0x01, 0xc6, 0x00, 0x4e, 0x01, 0xf1, 0x00, 0x2d,
  0x01, 0xb2, 0x00, 0x17, 0x02, 0x91, 0x00, 0x4b, 0x02, 0x39, 0x00, 0x00,
  0x03, 0x58, 0x00, 0x0a, 0x02, 0x42, 0x00, 0x05, 0x02, 0x39, 0x00, 0x00,
  0x01, 0xe8, 0x00, 0x1b, 0x01, 0x8a, 0x00, 0x0f, 0x02, 0x27, 0x00, 0xde,
  0x01, 0x8a, 0x00, 0x28, 0x02, 0x3c, 0x00, 0x2b, 0x01, 0x7b, 0x00, 0x17,
  0x01, 0x7b, 0x00, 0x1d, 0x01, 0x7b, 0x00, 0x2d, 0x00, 0x82, 0xff, 0x40,
  0x01, 0x7b, 0x00, 0x06, 0x01, 0x7b, 0x00, 0x29, 0x01, 0x7b, 0x00, 0x1d,
  0x01, 0x7b, 0x00, 0x16, 0x01, 0x7b, 0x00, 0x14, 0x01, 0x7b, 0x00, 0x19,
  0x01, 0x7b, 0x00, 0x15, 0x03, 0x06, 0x00, 0x14, 0x02, 0xb4, 0x00, 0x14,
  0x02, 0xb4, 0x00, 0x14, 0x04, 0x37, 0x00, 0x14, 0x04, 0x37, 0x00, 0x14,
  0x01, 0x7b, 0x00, 0x14, 0x00, 0x2d, 0x00, 0x17, 0x00, 0x1d, 0x00, 0x06,
  0x00, 0x29, 0x00, 0x19, 0x00, 0x1d, 0x00, 0x16, 0x00, 0x15, 0x00, 0x14,
  0x00, 0x2d, 0x00, 0x17, 0x00, 0x1d, 0x00, 0x06, 0x00, 0x29, 0x00, 0x19,
  0x00, 0x1d, 0x00, 0x16, 0x00, 0x15, 0x00, 0x00, 0x00, 0x01, 0x00, 0x00,
  0x04, 0x2d, 0xfe, 0xdb, 0x00, 0x00, 0x0b, 0x18, 0xfd, 0x7c, 0xfd, 0x90,
  0x0a, 0xf0, 0x00, 0x01, 0x00, 0x00, 0x00, 0x00, 0x00, 0x00, 0x00, 0x00,
  0x00, 0x00, 0x00, 0x00, 0x00, 0x00, 0x00, 0x71, 0x00, 0x04, 0x02, 0x66,
  0x02, 0xbc, 0x00, 0x05, 0x00, 0x00, 0x02, 0x8a, 0x02, 0x58, 0x00, 0x00,
  0x00, 0x4b, 0x02, 0x8a, 0x02, 0x58, 0x00, 0x00, 0x01, 0x5e, 0x00, 0x32,
  0x01, 0x48, 0x00, 0x00, 0x02, 0x0b, 0x08, 0x02, 0x04, 0x05, 0x04, 0x02,
  0x02, 0x04, 0x00, 0x00, 0x00, 0x01, 0x00, 0x00, 0x00, 0x00, 0x00, 0x00,
  0x00, 0x00, 0x00, 0x00, 0x00, 0x00, 0x47, 0x4f, 0x4f, 0x47, 0x01, 0x20,
  0x00, 0x20, 0x00, 0x7e, 0x04, 0x2d, 0xfe, 0xdb, 0x00, 0x00, 0x04, 0x2d,
  0x01, 0x25, 0x00, 0x00, 0x00, 0x01, 0x00, 0x00, 0x00, 0x00, 0x02, 0x22,
  0x02, 0xca, 0x00, 0x00, 0x00, 0x20, 0x00, 0x04, 0x00, 0x00, 0x00, 0x02,
  0x00, 0x00, 0x00, 0x03, 0x00, 0x00, 0x00, 0x14, 0x00, 0x03, 0x00, 0x01,
  0x00, 0x00, 0x00, 0x14, 0x00, 0x04, 0x00, 0x20, 0x00, 0x00, 0x00, 0x04,
  0x00, 0x04, 0x00, 0x01, 0x00, 0x00, 0x00, 0x7e, 0xff, 0xff, 0x00, 0x00,
  0x00, 0x20, 0xff, 0xff, 0xff, 0xe1, 0x00, 0x01, 0x00, 0x00, 0x00, 0x00,
  0xb0, 0x00, 0x2c, 0x20, 0xb0, 0x00, 0x55, 0x58, 0x45, 0x59, 0x20, 0x20,
  0x4b, 0xb8, 0x00, 0x0e, 0x51, 0x4b, 0xb0, 0x06, 0x53, 0x5a, 0x58, 0xb0,
  0x34, 0x1b, 0xb0, 0x28, 0x59, 0x60, 0x66, 0x20, 0x8a, 0x55, 0x58, 0xb0,
  0x02, 0x25, 0x61, 0xb9, 0x08, 0x00, 0x08, 0x00, 0x63, 0x63, 0x23, 0x62,
  0x1b, 0x21, 0x21, 0xb0, 0x00, 0x59, 0xb0, 0x00, 0x43, 0x23, 0x44, 0xb2,
  0x00, 0x01, 0x00, 0x43, 0x60, 0x42, 0x2d, 0xb0, 0x01, 0x2c, 0xb0, 0x20,
  0x60, 0x66, 0x2d, 0xb0, 0x02, 0x2c, 0x23, 0x21, 0x23, 0x21, 0x2d, 0xb0,
  0x03, 0x2c, 0x20, 0x64, 0xb3, 0x03, 0x14, 0x15, 0x00, 0x42, 0x43, 0xb0,
  0x13, 0x43, 0x20, 0x60, 0x60, 0x42, 0xb1, 0x02, 0x14, 0x43, 0x42, 0xb1,
  0x25, 0x03, 0x43, 0xb0, 0x02, 0x43, 0x54, 0x78, 0x20, 0xb0, 0x0c, 0x23,
  0xb0, 0x02, 0x43, 0x43, 0x61, 0x64, 0xb0, 0x04, 0x50, 0x78, 0xb2, 0x02,
  0x02, 0x02, 0x43, 0x60, 0x42, 0xb0, 0x21, 0x65, 0x1c, 0x21, 0xb0, 0x02,
  0x43, 0x43, 0xb2, 0x0e, 0x15, 0x01, 0x42, 0x1c, 0x20, 0xb0, 0x02, 0x43,
  0x23, 0x42, 0xb2, 0x13, 0x01, 0x13, 0x43, 0x60, 0x42, 0x23, 0xb0, 0x00,
  0x50, 0x58, 0x65, 0x59, 0xb2, 0x16, 0x01, 0x02, 0x43, 0x60, 0x42, 0x2d,
  0xb0, 0x04, 0x2c, 0xb0, 0x03, 0x2b, 0xb0, 0x15, 0x43, 0x58, 0x23, 0x21,
  0x23, 0x21, 0xb0, 0x16, 0x43, 0x43, 0x23, 0xb0, 0x00, 0x50, 0x58, 0x65,
  0x59, 0x1b, 0x20, 0x64, 0x20, 0xb0, 0xc0, 0x50, 0xb0, 0x04, 0x26, 0x5a,
  0xb2, 0x28, 0x01, 0x0d, 0x43, 0x45, 0x63, 0x45, 0xb0, 0x06, 0x45, 0x58,
  0x21, 0xb0, 0x03, 0x25, 0x59, 0x52, 0x5b, 0x58, 0x21, 0x23, 0x21, 0x1b,
  0x8a, 0x58, 0x20, 0xb0, 0x50, 0x50, 0x58, 0x21, 0xb0, 0x40, 0x59, 0x1b,
  0x20, 0xb0, 0x38, 0x50, 0x58, 0x21, 0xb0, 0x38, 0x59, 0x59, 0x20, 0xb1,
  0x01, 0x0d, 0x43, 0x45, 0x63, 0x45, 0x61, 0x64, 0xb0, 0x28, 0x50, 0x58,
  0x21, 0xb1, 0x01, 0x0d, 0x43, 0x45, 0x63, 0x45, 0x20, 0xb0, 0x30, 0x50,
  0x58, 0x21, 0xb0, 0x30, 0x59, 0x1b, 0x20, 0xb0, 0xc0, 0x50, 0x58, 0x20,
  0x66, 0x20, 0x8a, 0x8a, 0x61, 0x20, 0xb0, 0x0a, 0x50, 0x58, 0x60, 0x1b,
  0x20, 0xb0, 0x20, 0x50, 0x58, 0x21, 0xb0, 0x0a, 0x60, 0x1b, 0x20, 0xb0,
  0x36, 0x50, 0x58, 0x21, 0xb0, 0x36, 0x60, 0x1b, 0x60, 0x59, 0x59, 0x59,
  0x1b, 0xb0, 0x02, 0x25, 0xb0, 0x0c, 0x43, 0x63, 0xb0, 0x00, 0x52, 0x58,
  0xb0, 0x00, 0x4b, 0xb0, 0x0a, 0x50, 0x58, 0x21, 0xb0, 0x0c, 0x43, 0x1b,
  0x4b, 0xb0, 0x1e, 0x50, 0x58, 0x21, 0xb0, 0x1e, 0x4b, 0x61, 0xb8, 0x10,
  0x00, 0x63, 0xb0, 0x0c, 0x43, 0x63, 0xb8, 0x05, 0x00, 0x62, 0x59, 0x59,
  0x64, 0x61, 0x59, 0xb0, 0x01, 0x2b, 0x59, 0x59, 0x23, 0xb0, 0x00, 0x50,
  0x58, 0x65, 0x59, 0x59, 0x20, 0x64, 0xb0, 0x16, 0x43, 0x23, 0x42, 0x59,
  0x2d, 0xb0, 0x05, 0x2c, 0x20, 0x45, 0x20, 0xb0, 0x04, 0x25, 0x61, 0x64,
  0x20, 0xb0, 0x07, 0x43, 0x50, 0x58, 0xb0, 0x07, 0x23, 0x42, 0xb0, 0x08,
  0x23, 0x42, 0x1b, 0x21, 0x21, 0x59, 0xb0, 0x01, 0x60, 0x2d, 0xb0, 0x06,
  0x2c, 0x23, 0x21, 0x23, 0x21, 0xb0, 0x03, 0x2b, 0x20, 0x64, 0xb1, 0x07,
  0x62, 0x42, 0x20, 0xb0, 0x08, 0x23, 0x42, 0xb0, 0x06, 0x45, 0x58, 0x1b,
  0xb1, 0x01, 0x0d, 0x43, 0x45, 0x63, 0xb1, 0x01, 0x0d, 0x43, 0xb0, 0x09,
  0x60, 0x45, 0x63, 0xb0, 0x05, 0x2a, 0x21, 0x20, 0xb0, 0x08, 0x43, 0x20,
  0x8a, 0x20, 0x8a, 0xb0, 0x01, 0x2b, 0xb1, 0x30, 0x05, 0x25, 0xb0, 0x04,
  0x26, 0x51, 0x58, 0x60, 0x50, 0x1b, 0x61, 0x52, 0x59, 0x58, 0x23, 0x59,
  0x21, 0x59, 0x20, 0xb0, 0x40, 0x53, 0x58, 0xb0, 0x01, 0x2b, 0x1b, 0x21,
  0xb0, 0x40, 0x59, 0x23, 0xb0, 0x00, 0x50, 0x58, 0x65, 0x59, 0x2d, 0xb0,
  0x07, 0x2c, 0xb0, 0x09, 0x43, 0x2b, 0xb2, 0x00, 0x02, 0x00, 0x43, 0x60,
  0x42, 0x2d, 0xb0, 0x08, 0x2c, 0xb0, 0x09, 0x23, 0x42, 0x23, 0x20, 0xb0,
  0x00, 0x23, 0x42, 0x61, 0xb0, 0x02, 0x62, 0x66, 0xb0, 0x01, 0x63, 0xb0,
  0x01, 0x60, 0xb0, 0x07, 0x2a, 0x2d, 0xb0, 0x09, 0x2c, 0x20, 0x20, 0x45,
  0x20, 0xb0, 0x0e, 0x43, 0x63, 0xb8, 0x04, 0x00, 0x62, 0x20, 0xb0, 0x00,
  0x50, 0x58, 0xb0, 0x40, 0x60, 0x59, 0x66, 0xb0, 0x01, 0x63, 0x60, 0x44,
  0xb0, 0x01, 0x60, 0x2d, 0xb0, 0x0a, 0x2c, 0xb2, 0x09, 0x0e, 0x00, 0x43,
  0x45, 0x42, 0x2a, 0x21, 0xb2, 0x00, 0x01, 0x00, 0x43, 0x60, 0x42, 0x2d,
  0xb0, 0x0b, 0x2c, 0xb0, 0x00, 0x43, 0x23, 0x44, 0xb2, 0x00, 0x01, 0x00,
  0x43, 0x60, 0x42, 0x2d, 0xb0, 0x0c, 0x2c, 0x20, 0x20, 0x45, 0x20, 0xb0,
  0x01, 0x2b, 0x23, 0xb0, 0x00, 0x43, 0xb0, 0x04, 0x25, 0x60, 0x20, 0x45,
  0x8a, 0x23, 0x61, 0x20, 0x64, 0x20, 0xb0, 0x20, 0x50, 0x58, 0x21, 0xb0,
  0x00, 0x1b, 0xb0, 0x30, 0x50, 0x58, 0xb0, 0x20, 0x1b, 0xb0, 0x40, 0x59,
  0x59, 0x23, 0xb0, 0x00, 0x50, 0x58, 0x65, 0x59, 0xb0, 0x03, 0x25, 0x23,
  0x61, 0x44, 0x44, 0xb0, 0x01, 0x60, 0x2d, 0xb0, 0x0d, 0x2c, 0x20, 0x20,
  0x45, 0x20, 0xb0, 0x01, 0x2b, 0x23, 0xb0, 0x00, 0x43, 0xb0, 0x04, 0x25,
  0x60, 0x20, 0x45, 0x8a, 0x23, 0x61, 0x20, 0x64, 0xb0, 0x24, 0x50, 0x58,
  0xb0, 0x00, 0x1b, 0xb0, 0x40, 0x59, 0x23, 0xb0, 0x00, 0x50, 0x58, 0x65,
  0x59, 0xb0, 0x03, 0x25, 0x23, 0x61, 0x44, 0x44, 0xb0, 0x01, 0x60, 0x2d,
  0xb0, 0x0e, 0x2c, 0x20, 0xb0, 0x00, 0x23, 0x42, 0xb3, 0x0d, 0x0c, 0x00,
  0x03, 0x45, 0x50, 0x58, 0x21, 0x1b, 0x23, 0x21, 0x59, 0x2a, 0x21, 0x2d,
  0xb0, 0x0f, 0x2c, 0xb1, 0x02, 0x02, 0x45, 0xb0, 0x64, 0x61, 0x44, 0x2d,
  0xb0, 0x10, 0x2c, 0xb0, 0x01, 0x60, 0x20, 0x20, 0xb0, 0x0f, 0x43, 0x4a,
  0xb0, 0x00, 0x50, 0x58, 0x20, 0xb0, 0x0f, 0x23, 0x42, 0x59, 0xb0, 0x10,
  0x43, 0x4a, 0xb0, 0x00, 0x52, 0x58, 0x20, 0xb0, 0x10, 0x23, 0x42, 0x59,
  0x2d, 0xb0, 0x11, 0x2c, 0x20, 0xb0, 0x10, 0x62, 0x66, 0xb0, 0x01, 0x63,
  0x20, 0xb8, 0x04, 0x00, 0x63, 0x8a, 0x23, 0x61, 0xb0, 0x11, 0x43, 0x60,
  0x20, 0x8a, 0x60, 0x20, 0xb0, 0x11, 0x23, 0x42, 0x23, 0x2d, 0xb0, 0x12,
  0x2c, 0x4b, 0x54, 0x58, 0xb1, 0x04, 0x64, 0x44, 0x59, 0x24, 0xb0, 0x0d,
  0x65, 0x23, 0x78, 0x2d, 0xb0, 0x13, 0x2c, 0x4b, 0x51, 0x58, 0x4b, 0x53,
  0x58, 0xb1, 0x04, 0x64, 0x44, 0x59, 0x1b, 0x21, 0x59, 0x24, 0xb0, 0x13,
  0x65, 0x23, 0x78, 0x2d, 0xb0, 0x14, 0x2c, 0xb1, 0x00, 0x12, 0x43, 0x55,
  0x58, 0xb1, 0x12, 0x12, 0x43, 0xb0, 0x01, 0x61, 0x42, 0xb0, 0x11, 0x2b,
  0x59, 0xb0, 0x00, 0x43, 0xb0, 0x02, 0x25, 0x42, 0xb1, 0x0f, 0x02, 0x25,
  0x42, 0xb1, 0x10, 0x02, 0x25, 0x42, 0xb0, 0x01, 0x16, 0x23, 0x20, 0xb0,
  0x03, 0x25, 0x50, 0x58, 0xb1, 0x01, 0x00, 0x43, 0x60, 0xb0, 0x04, 0x25,
  0x42, 0x8a, 0x8a, 0x20, 0x8a, 0x23, 0x61, 0xb0, 0x10, 0x2a, 0x21, 0x23,
  0xb0, 0x01, 0x61, 0x20, 0x8a, 0x23, 0x61, 0xb0, 0x10, 0x2a, 0x21, 0x1b,
  0xb1, 0x01, 0x00, 0x43, 0x60, 0xb0, 0x02, 0x25, 0x42, 0xb0, 0x02, 0x25,
  0x61, 0xb0, 0x10, 0x2a, 0x21, 0x59, 0xb0, 0x0f, 0x43, 0x47, 0xb0, 0x10,
  0x43, 0x47, 0x60, 0xb0, 0x02, 0x62, 0x20, 0xb0, 0x00, 0x50, 0x58, 0xb0,
  0x40, 0x60, 0x59, 0x66, 0xb0, 0x01, 0x63, 0x20, 0xb0, 0x0e, 0x43, 0x63,
  0xb8, 0x04, 0x00, 0x62, 0x20, 0xb0, 0x00, 0x50, 0x58, 0xb0, 0x40, 0x60,
  0x59, 0x66, 0xb0, 0x01, 0x63, 0x60, 0xb1, 0x00, 0x00, 0x13, 0x23, 0x44,
  0xb0, 0x01, 0x43, 0xb0, 0x00, 0x3e, 0xb2, 0x01, 0x01, 0x01, 0x43, 0x60,
  0x42, 0x2d, 0xb0, 0x15, 0x2c, 0x00, 0xb1, 0x00, 0x02, 0x45, 0x54, 0x58,
  0xb0, 0x12, 0x23, 0x42, 0x20, 0x45, 0xb0, 0x0e, 0x23, 0x42, 0xb0, 0x0d,
  0x23, 0xb0, 0x09, 0x60, 0x42, 0x20, 0x60, 0xb7, 0x18, 0x18, 0x01, 0x00,
  0x11, 0x00, 0x13, 0x00, 0x42, 0x42, 0x42, 0x8a, 0x60, 0x20, 0xb0, 0x14,
  0x23, 0x42, 0xb0, 0x01, 0x61, 0xb1, 0x14, 0x08, 0x2b, 0xb0, 0x8b, 0x2b,
  0x1b, 0x22, 0x59, 0x2d, 0xb0, 0x16, 0x2c, 0xb1, 0x00, 0x15, 0x2b, 0x2d,
  0xb0, 0x17, 0x2c, 0xb1, 0x01, 0x15, 0x2b, 0x2d, 0xb0, 0x18, 0x2c, 0xb1,
  0x02, 0x15, 0x2b, 0x2d, 0xb0, 0x19, 0x2c, 0xb1, 0x03, 0x15, 0x2b, 0x2d,
  0xb0, 0x1a, 0x2c, 0xb1, 0x04, 0x15, 0x2b, 0x2d, 0xb0, 0x1b, 0x2c, 0xb1,
  0x05, 0x15, 0x2b, 0x2d, 0xb0, 0x1c, 0x2c, 0xb1, 0x06, 0x15, 0x2b, 0x2d,
  0xb0, 0x1d, 0x2c, 0xb1, 0x07, 0x15, 0x2b, 0x2d, 0xb0, 0x1e, 0x2c, 0xb1,
  0x08, 0x15, 0x2b, 0x2d, 0xb0, 0x1f, 0x2c, 0xb1, 0x09, 0x15, 0x2b, 0x2d,
  0xb0, 0x2b, 0x2c, 0x23, 0x20, 0xb0, 0x10, 0x62, 0x66, 0xb0, 0x01, 0x63,
  0xb0, 0x06, 0x60, 0x4b, 0x54, 0x58, 0x23, 0x20, 0x2e, 0xb0, 0x01, 0x5d,
  0x1b, 0x21, 0x21, 0x59, 0x2d, 0xb0, 0x2c, 0x2c, 0x23, 0x20, 0xb0, 0x10,
  0x62, 0x66, 0xb0, 0x01, 0x63, 0xb0, 0x16, 0x60, 0x4b, 0x54, 0x58, 0x23,
  0x20, 0x2e, 0xb0, 0x01, 0x71, 0x1b, 0x21, 0x21, 0x59, 0x2d, 0xb0, 0x2d,
  0x2c, 0x23, 0x20, 0xb0, 0x10, 0x62, 0x66, 0xb0, 0x01, 0x63, 0xb0, 0x26,
  0x60, 0x4b, 0x54, 0x58, 0x23, 0x20, 0x2e, 0xb0, 0x01, 0x72, 0x1b, 0x21,
  0x21, 0x59, 0x2d, 0xb0, 0x20, 0x2c, 0x00, 0xb0, 0x0f, 0x2b, 0xb1, 0x00,
  0x02, 0x45, 0x54, 0x58, 0xb0, 0x12, 0x23, 0x42, 0x20, 0x45, 0xb0, 0x0e,
  0x23, 0x42, 0xb0, 0x0d, 0x23, 0xb0, 0x09, 0x60, 0x42, 0x20, 0x60, 0xb0,
  0x01, 0x61, 0xb5, 0x18, 0x18, 0x01, 0x00, 0x11, 0x00, 0x42, 0x42, 0x8a,
  0x60, 0xb1, 0x14, 0x08, 0x2b, 0xb0, 0x8b, 0x2b, 0x1b, 0x22, 0x59, 0x2d,
  0xb0, 0x21, 0x2c, 0xb1, 0x00, 0x20, 0x2b, 0x2d, 0xb0, 0x22, 0x2c, 0xb1,
  0x01, 0x20, 0x2b, 0x2d, 0xb0, 0x23, 0x2c, 0xb1, 0x02, 0x20, 0x2b, 0x2d,
  0xb0, 0x24, 0x2c, 0xb1, 0x03, 0x20, 0x2b, 0x2d, 0xb0, 0x25, 0x2c, 0xb1,
  0x04, 0x20, 0x2b, 0x2d, 0xb0, 0x26, 0x2c, 0xb1, 0x05, 0x20, 0x2b, 0x2d,
  0xb0, 0x27, 0x2c, 0xb1, 0x06, 0x20, 0x2b, 0x2d, 0xb0, 0x28, 0x2c, 0xb1,
  0x07, 0x20, 0x2b, 0x2d, 0xb0, 0x29, 0x2c, 0xb1, 0x08, 0x20, 0x2b, 0x2d,
  0xb0, 0x2a, 0x2c, 0xb1, 0x09, 0x20, 0x2b, 0x2d, 0xb0, 0x2e, 0x2c, 0x20,
  0x3c, 0xb0, 0x01, 0x60, 0x2d, 0xb0, 0x2f, 0x2c, 0x20, 0x60, 0xb0, 0x18,
  0x60, 0x20, 0x43, 0x23, 0xb0, 0x01, 0x60, 0x43, 0xb0, 0x02, 0x25, 0x61,
  0xb0, 0x01, 0x60, 0xb0, 0x2e, 0x2a, 0x21, 0x2d, 0xb0, 0x30, 0x2c, 0xb0,
  0x2f, 0x2b, 0xb0, 0x2f, 0x2a, 0x2d, 0xb0, 0x31, 0x2c, 0x20, 0x20, 0x47,
  0x20, 0x20, 0xb0, 0x0e, 0x43, 0x63, 0xb8, 0x04, 0x00, 0x62, 0x20, 0xb0,
  0x00, 0x50, 0x58, 0xb0, 0x40, 0x60, 0x59, 0x66, 0xb0, 0x01, 0x63, 0x60,
  0x23, 0x61, 0x38, 0x23, 0x20, 0x8a, 0x55, 0x58, 0x20, 0x47, 0x20, 0x20,
  0xb0, 0x0e, 0x43, 0x63, 0xb8, 0x04, 0x00, 0x62, 0x20, 0xb0, 0x00, 0x50,
  0x58, 0xb0, 0x40, 0x60, 0x59, 0x66, 0xb0, 0x01, 0x63, 0x60, 0x23, 0x61,
  0x38, 0x1b, 0x21, 0x59, 0x2d, 0xb0, 0x32, 0x2c, 0x00, 0xb1, 0x00, 0x02,
  0x45, 0x54, 0x58, 0xb1, 0x0e, 0x06, 0x45, 0x42, 0xb0, 0x01, 0x16, 0xb0,
  0x31, 0x2a, 0xb1, 0x05, 0x01, 0x15, 0x45, 0x58, 0x30, 0x59, 0x1b, 0x22,
  0x59, 0x2d, 0xb0, 0x33, 0x2c, 0x00, 0xb0, 0x0f, 0x2b, 0xb1, 0x00, 0x02,
  0x45, 0x54, 0x58, 0xb1, 0x0e, 0x06, 0x45, 0x42, 0xb0, 0x01, 0x16, 0xb0,
  0x31, 0x2a, 0xb1, 0x05, 0x01, 0x15, 0x45, 0x58, 0x30, 0x59, 0x1b, 0x22,
  0x59, 0x2d, 0xb0, 0x34, 0x2c, 0x20, 0x35, 0xb0, 0x01, 0x60, 0x2d, 0xb0,
  0x35, 0x2c, 0x00, 0xb1, 0x0e, 0x06, 0x45, 0x42, 0xb0, 0x01, 0x45, 0x63,
  0xb8, 0x04, 0x00, 0x62, 0x20, 0xb0, 0x00, 0x50, 0x58, 0xb0, 0x40, 0x60,
  0x59, 0x66, 0xb0, 0x01, 0x63, 0xb0, 0x01, 0x2b, 0xb0, 0x0e, 0x43, 0x63,
  0xb8, 0x04, 0x00, 0x62, 0x20, 0xb0, 0x00, 0x50, 0x58, 0xb0, 0x40, 0x60,
  0x59, 0x66, 0xb0, 0x01, 0x63, 0xb0, 0x01, 0x2b, 0xb0, 0x00, 0x16, 0xb4,
  0x00, 0x00, 0x00, 0x00, 0x00, 0x44, 0x3e, 0x23, 0x38, 0xb1, 0x34, 0x01,
  0x15, 0x2a, 0x21, 0x2d, 0xb0, 0x36, 0x2c, 0x20, 0x3c, 0x20, 0x47, 0x20,
  0xb0, 0x0e, 0x43, 0x63, 0xb8, 0x04, 0x00, 0x62, 0x20, 0xb0, 0x00, 0x50,
  0x58, 0xb0, 0x40, 0x60, 0x59, 0x66, 0xb0, 0x01, 0x63, 0x60, 0xb0, 0x00,
  0x43, 0x61, 0x38, 0x2d, 0xb0, 0x37, 0x2c, 0x2e, 0x17, 0x3c, 0x2d, 0xb0,
  0x38, 0x2c, 0x20, 0x3c, 0x20, 0x47, 0x20, 0xb0, 0x0e, 0x43, 0x63, 0xb8,
  0x04, 0x00, 0x62, 0x20, 0xb0, 0x00, 0x50, 0x58, 0xb0, 0x40, 0x60, 0x59,
  0x66, 0xb0, 0x01, 0x63, 0x60, 0xb0, 0x00, 0x43, 0x61, 0xb0, 0x01, 0x43,
  0x63, 0x38, 0x2d, 0xb0, 0x39, 0x2c, 0xb1, 0x02, 0x00, 0x16, 0x25, 0x20,
  0x2e, 0x20, 0x47, 0xb0, 0x00, 0x23, 0x42, 0xb0, 0x02, 0x25, 0x49, 0x8a,
  0x8a, 0x47, 0x23, 0x47, 0x23, 0x61, 0x20, 0x58, 0x62, 0x1b, 0x21, 0x59,
  0xb0, 0x01, 0x23, 0x42, 0xb2, 0x38, 0x01, 0x01, 0x15, 0x14, 0x2a, 0x2d,
  0xb0, 0x3a, 0x2c, 0xb0, 0x00, 0x16, 0xb0, 0x17, 0x23, 0x42, 0xb0, 0x04,
  0x25, 0xb0, 0x04, 0x25, 0x47, 0x23, 0x47, 0x23, 0x61, 0xb1, 0x0c, 0x00,
  0x42, 0xb0, 0x0b, 0x43, 0x2b, 0x65, 0x8a, 0x2e, 0x23, 0x20, 0x20, 0x3c,
  0x8a, 0x38, 0x2d, 0xb0, 0x3b, 0x2c, 0xb0, 0x00, 0x16, 0xb0, 0x17, 0x23,
  0x42, 0xb0, 0x04, 0x25, 0xb0, 0x04, 0x25, 0x20, 0x2e, 0x47, 0x23, 0x47,
  0x23, 0x61, 0x20, 0xb0, 0x06, 0x23, 0x42, 0xb1, 0x0c, 0x00, 0x42, 0xb0,
  0x0b, 0x43, 0x2b, 0x20, 0xb0, 0x60, 0x50, 0x58, 0x20, 0xb0, 0x40, 0x51,
  0x58, 0xb3, 0x04, 0x20, 0x05, 0x20, 0x1b, 0xb3, 0x04, 0x26, 0x05, 0x1a,
  0x59, 0x42, 0x42, 0x23, 0x20, 0xb0, 0x0a, 0x43, 0x20, 0x8a, 0x23, 0x47,
  0x23, 0x47, 0x23, 0x61, 0x23, 0x46, 0x60, 0xb0, 0x06, 0x43, 0xb0, 0x02,
  0x62, 0x20, 0xb0, 0x00, 0x50, 0x58, 0xb0, 0x40, 0x60, 0x59, 0x66, 0xb0,
  0x01, 0x63, 0x60, 0x20, 0xb0, 0x01, 0x2b, 0x20, 0x8a, 0x8a, 0x61, 0x20,
  0xb0, 0x04, 0x43, 0x60, 0x64, 0x23, 0xb0, 0x05, 0x43, 0x61, 0x64, 0x50,
  0x58, 0xb0, 0x04, 0x43, 0x61, 0x1b, 0xb0, 0x05, 0x43, 0x60, 0x59, 0xb0,
  0x03, 0x25, 0xb0, 0x02, 0x62, 0x20, 0xb0, 0x00, 0x50, 0x58, 0xb0, 0x40,
  0x60, 0x59, 0x66, 0xb0, 0x01, 0x63, 0x61, 0x23, 0x20, 0x20, 0xb0, 0x04,
  0x26, 0x23, 0x46, 0x61, 0x38, 0x1b, 0x23, 0xb0, 0x0a, 0x43, 0x46, 0xb0,
  0x02, 0x25, 0xb0, 0x0a, 0x43, 0x47, 0x23, 0x47, 0x23, 0x61, 0x60, 0x20,
  0xb0, 0x06, 0x43, 0xb0, 0x02, 0x62, 0x20, 0xb0, 0x00, 0x50, 0x58, 0xb0,
  0x40, 0x60, 0x59, 0x66, 0xb0, 0x01, 0x63, 0x60, 0x23, 0x20, 0xb0, 0x01,
  0x2b, 0x23, 0xb0, 0x06, 0x43, 0x60, 0xb0, 0x01, 0x2b, 0xb0, 0x05, 0x25,
  0x61, 0xb0, 0x05, 0x25, 0xb0, 0x02, 0x62, 0x20, 0xb0, 0x00, 0x50, 0x58,
  0xb0, 0x40, 0x60, 0x59, 0x66, 0xb0, 0x01, 0x63, 0xb0, 0x04, 0x26, 0x61,
  0x20, 0xb0, 0x04, 0x25, 0x60, 0x64, 0x23, 0xb0, 0x03, 0x25, 0x60, 0x64,
  0x50, 0x58, 0x21, 0x1b, 0x23, 0x21, 0x59, 0x23, 0x20, 0x20, 0xb0, 0x04,
  0x26, 0x23, 0x46, 0x61, 0x38, 0x59, 0x2d, 0xb0, 0x3c, 0x2c, 0xb0, 0x00,
  0x16, 0xb0, 0x17, 0x23, 0x42, 0x20, 0x20, 0x20, 0xb0, 0x05, 0x26, 0x20,
  0x2e, 0x47, 0x23, 0x47, 0x23, 0x61, 0x23, 0x3c, 0x38, 0x2d, 0xb0, 0x3d,
  0x2c, 0xb0, 0x00, 0x16, 0xb0, 0x17, 0x23, 0x42, 0x20, 0xb0, 0x0a, 0x23,
  0x42, 0x20, 0x20, 0x20, 0x46, 0x23, 0x47, 0xb0, 0x01, 0x2b, 0x23, 0x61,
  0x38, 0x2d, 0xb0, 0x3e, 0x2c, 0xb0, 0x00, 0x16, 0xb0, 0x17, 0x23, 0x42,
  0xb0, 0x03, 0x25, 0xb0, 0x02, 0x25, 0x47, 0x23, 0x47, 0x23, 0x61, 0xb0,
  0x00, 0x54, 0x58, 0x2e, 0x20, 0x3c, 0x23, 0x21, 0x1b, 0xb0, 0x02, 0x25,
  0xb0, 0x02, 0x25, 0x47, 0x23, 0x47, 0x23, 0x61, 0x20, 0xb0, 0x05, 0x25,
  0xb0, 0x04, 0x25, 0x47, 0x23, 0x47, 0x23, 0x61, 0xb0, 0x06, 0x25, 0xb0,
  0x05, 0x25, 0x49, 0xb0, 0x02, 0x25, 0x61, 0xb9, 0x08, 0x00, 0x08, 0x00,
  0x63, 0x63, 0x23, 0x20, 0x58, 0x62, 0x1b, 0x21, 0x59, 0x63, 0xb8, 0x04,
  0x00, 0x62, 0x20, 0xb0, 0x00, 0x50, 0x58, 0xb0, 0x40, 0x60, 0x59, 0x66,
  0xb0, 0x01, 0x63, 0x60, 0x23, 0x2e, 0x23, 0x20, 0x20, 0x3c, 0x8a, 0x38,
  0x23, 0x21, 0x59, 0x2d, 0xb0, 0x3f, 0x2c, 0xb0, 0x00, 0x16, 0xb0, 0x17,
  0x23, 0x42, 0x20, 0xb0, 0x0a, 0x43, 0x20, 0x2e, 0x47, 0x23, 0x47, 0x23,
  0x61, 0x20, 0x60, 0xb0, 0x20, 0x60, 0x66, 0xb0, 0x02, 0x62, 0x20, 0xb0,
  0x00, 0x50, 0x58, 0xb0, 0x40, 0x60, 0x59, 0x66, 0xb0, 0x01, 0x63, 0x23,
  0x20, 0x20, 0x3c, 0x8a, 0x38, 0x2d, 0xb0, 0x40, 0x2c, 0x23, 0x20, 0x2e,
  0x46, 0xb0, 0x02, 0x25, 0x46, 0xb0, 0x17, 0x43, 0x58, 0x50, 0x1b, 0x52,
  0x59, 0x58, 0x20, 0x3c, 0x59, 0x2e, 0xb1, 0x30, 0x01, 0x14, 0x2b, 0x2d,
  0xb0, 0x41, 0x2c, 0x23, 0x20, 0x2e, 0x46, 0xb0, 0x02, 0x25, 0x46, 0xb0,
  0x17, 0x43, 0x58, 0x52, 0x1b, 0x50, 0x59, 0x58, 0x20, 0x3c, 0x59, 0x2e,
  0xb1, 0x30, 0x01, 0x14, 0x2b, 0x2d, 0xb0, 0x42, 0x2c, 0x23, 0x20, 0x2e,
  0x46, 0xb0, 0x02, 0x25, 0x46, 0xb0, 0x17, 0x43, 0x58, 0x50, 0x1b, 0x52,
  0x59, 0x58, 0x20, 0x3c, 0x59, 0x23, 0x20, 0x2e, 0x46, 0xb0, 0x02, 0x25,
  0x46, 0xb0, 0x17, 0x43, 0x58, 0x52, 0x1b, 0x50, 0x59, 0x58, 0x20, 0x3c,
  0x59, 0x2e, 0xb1, 0x30, 0x01, 0x14, 0x2b, 0x2d, 0xb0, 0x43, 0x2c, 0xb0,
  0x3a, 0x2b, 0x23, 0x20, 0x2e, 0x46, 0xb0, 0x02, 0x25, 0x46, 0xb0, 0x17,
  0x43, 0x58, 0x50, 0x1b, 0x52, 0x59, 0x58, 0x20, 0x3c, 0x59, 0x2e, 0xb1,
  0x30, 0x01, 0x14, 0x2b, 0x2d, 0xb0, 0x44, 0x2c, 0xb0, 0x3b, 0x2b, 0x8a,
  0x20, 0x20, 0x3c, 0xb0, 0x06, 0x23, 0x42, 0x8a, 0x38, 0x23, 0x20, 0x2e,
  0x46, 0xb0, 0x02, 0x25, 0x46, 0xb0, 0x17, 0x43, 0x58, 0x50, 0x1b, 0x52,
  0x59, 0x58, 0x20, 0x3c, 0x59, 0x2e, 0xb1, 0x30, 0x01, 0x14, 0x2b, 0xb0,
  0x06, 0x43, 0x2e, 0xb0, 0x30, 0x2b, 0x2d, 0xb0, 0x45, 0x2c, 0xb0, 0x00,
  0x16, 0xb0, 0x04, 0x25, 0xb0, 0x04, 0x26, 0x20, 0x20, 0x20, 0x46, 0x23,
  0x47, 0x61, 0xb0, 0x0c, 0x23, 0x42, 0x2e, 0x47, 0x23, 0x47, 0x23, 0x61,
  0xb0, 0x0b, 0x43, 0x2b, 0x23, 0x20, 0x3c, 0x20, 0x2e, 0x23, 0x38, 0xb1,
  0x30, 0x01, 0x14, 0x2b, 0x2d, 0xb0, 0x46, 0x2c, 0xb1, 0x0a, 0x04, 0x25,
  0x42, 0xb0, 0x00, 0x16, 0xb0, 0x04, 0x25, 0xb0, 0x04, 0x25, 0x20, 0x2e,
  0x47, 0x23, 0x47, 0x23, 0x61, 0x20, 0xb0, 0x06, 0x23, 0x42, 0xb1, 0x0c,
  0x00, 0x42, 0xb0, 0x0b, 0x43, 0x2b, 0x20, 0xb0, 0x60, 0x50, 0x58, 0x20,
  0xb0, 0x40, 0x51, 0x58, 0xb3, 0x04, 0x20, 0x05, 0x20, 0x1b, 0xb3, 0x04,
  0x26, 0x05, 0x1a, 0x59, 0x42, 0x42, 0x23, 0x20, 0x47, 0xb0, 0x06, 0x43,
  0xb0, 0x02, 0x62, 0x20, 0xb0, 0x00, 0x50, 0x58, 0xb0, 0x40, 0x60, 0x59,
  0x66, 0xb0, 0x01, 0x63, 0x60, 0x20, 0xb0, 0x01, 0x2b, 0x20, 0x8a, 0x8a,
  0x61, 0x20, 0xb0, 0x04, 0x43, 0x60, 0x64, 0x23, 0xb0, 0x05, 0x43, 0x61,
  0x64, 0x50, 0x58, 0xb0, 0x04, 0x43, 0x61, 0x1b, 0xb0, 0x05, 0x43, 0x60,
  0x59, 0xb0, 0x03, 0x25, 0xb0, 0x02, 0x62, 0x20, 0xb0, 0x00, 0x50, 0x58,
  0xb0, 0x40, 0x60, 0x59, 0x66, 0xb0, 0x01, 0x63, 0x61, 0xb0, 0x02, 0x25,
  0x46, 0x61, 0x38, 0x23, 0x20, 0x3c, 0x23, 0x38, 0x1b, 0x21, 0x20, 0x20,
  0x46, 0x23, 0x47, 0xb0, 0x01, 0x2b, 0x23, 0x61, 0x38, 0x21, 0x59, 0xb1,
  0x30, 0x01, 0x14, 0x2b, 0x2d, 0xb0, 0x47, 0x2c, 0xb1, 0x00, 0x3a, 0x2b,
  0x2e, 0xb1, 0x30, 0x01, 0x14, 0x2b, 0x2d, 0xb0, 0x48, 0x2c, 0xb1, 0x00,
  0x3b, 0x2b, 0x21, 0x23, 0x20, 0x20, 0x3c, 0xb0, 0x06, 0x23, 0x42, 0x23,
  0x38, 0xb1, 0x30, 0x01, 0x14, 0x2b, 0xb0, 0x06, 0x43, 0x2e, 0xb0, 0x30,
  0x2b, 0x2d, 0xb0, 0x49, 0x2c, 0xb0, 0x00, 0x15, 0x20, 0x47, 0xb0, 0x00,
  0x23, 0x42, 0xb2, 0x00, 0x01, 0x01, 0x15, 0x14, 0x13, 0x2e, 0xb0, 0x36,
  0x2a, 0x2d, 0xb0, 0x4a, 0x2c, 0xb0, 0x00, 0x15, 0x20, 0x47, 0xb0, 0x00,
  0x23, 0x42, 0xb2, 0x00, 0x01, 0x01, 0x15, 0x14, 0x13, 0x2e, 0xb0, 0x36,
  0x2a, 0x2d, 0xb0, 0x4b, 0x2c, 0xb1, 0x00, 0x01, 0x14, 0x13, 0xb0, 0x37,
  0x2a, 0x2d, 0xb0, 0x4c, 0x2c, 0xb0, 0x39, 0x2a, 0x2d, 0xb0, 0x4d, 0x2c,
  0xb0, 0x00, 0x16, 0x45, 0x23, 0x20, 0x2e, 0x20, 0x46, 0x8a, 0x23, 0x61,
  0x38, 0xb1, 0x30, 0x01, 0x14, 0x2b, 0x2d, 0xb0, 0x4e, 0x2c, 0xb0, 0x0a,
  0x23, 0x42, 0xb0, 0x4d, 0x2b, 0x2d, 0xb0, 0x4f, 0x2c, 0xb2, 0x00, 0x00,
  0x46, 0x2b, 0x2d, 0xb0, 0x50, 0x2c, 0xb2, 0x00, 0x01, 0x46, 0x2b, 0x2d,
  0xb0, 0x51, 0x2c, 0xb2, 0x01, 0x00, 0x46, 0x2b, 0x2d, 0xb0, 0x52, 0x2c,
  0xb2, 0x01, 0x01, 0x46, 0x2b, 0x2d, 0xb0, 0x53, 0x2c, 0xb2, 0x00, 0x00,
  0x47, 0x2b, 0x2d, 0xb0, 0x54, 0x2c, 0xb2, 0x00, 0x01, 0x47, 0x2b, 0x2d,
  0xb0, 0x55, 0x2c, 0xb2, 0x01, 0x00, 0x47, 0x2b, 0x2d, 0xb0, 0x56, 0x2c,
  0xb2, 0x01, 0x01, 0x47, 0x2b, 0x2d, 0xb0, 0x57, 0x2c, 0xb3, 0x00, 0x00,
  0x00, 0x43, 0x2b, 0x2d, 0xb0, 0x58, 0x2c, 0xb3, 0x00, 0x01, 0x00, 0x43,
  0x2b, 0x2d, 0xb0, 0x59, 0x2c, 0xb3, 0x01, 0x00, 0x00, 0x43, 0x2b, 0x2d,
  0xb0, 0x5a, 0x2c, 0xb3, 0x01, 0x01, 0x00, 0x43, 0x2b, 0x2d, 0xb0, 0x5b,
  0x2c, 0xb3, 0x00, 0x00, 0x01, 0x43, 0x2b, 0x2d, 0xb0, 0x5c, 0x2c, 0xb3,
  0x00, 0x01, 0x01, 0x43, 0x2b, 0x2d, 0xb0, 0x5d, 0x2c, 0xb3, 0x01, 0x00,
  0x01, 0x43, 0x2b, 0x2d, 0xb0, 0x5e, 0x2c, 0xb3, 0x01, 0x01, 0x01, 0x43,
  0x2b, 0x2d, 0xb0, 0x5f, 0x2c, 0xb2, 0x00, 0x00, 0x45, 0x2b, 0x2d, 0xb0,
  0x60, 0x2c, 0xb2, 0x00, 0x01, 0x45, 0x2b, 0x2d, 0xb0, 0x61, 0x2c, 0xb2,
  0x01, 0x00, 0x45, 0x2b, 0x2d, 0xb0, 0x62, 0x2c, 0xb2, 0x01, 0x01, 0x45,
  0x2b, 0x2d, 0xb0, 0x63, 0x2c, 0xb2, 0x00, 0x00, 0x48, 0x2b, 0x2d, 0xb0,
  0x64, 0x2c, 0xb2, 0x00, 0x01, 0x48, 0x2b, 0x2d, 0xb0, 0x65, 0x2c, 0xb2,
  0x01, 0x00, 0x48, 0x2b, 0x2d, 0xb0, 0x66, 0x2c, 0xb2, 0x01, 0x01, 0x48,
  0x2b, 0x2d, 0xb0, 0x67, 0x2c, 0xb3, 0x00, 0x00, 0x00, 0x44, 0x2b, 0x2d,
  0xb0, 0x68, 0x2c, 0xb3, 0x00, 0x01, 0x00, 0x44, 0x2b, 0x2d, 0xb0, 0x69,
  0x2c, 0xb3, 0x01, 0x00, 0x00, 0x44, 0x2b, 0x2d, 0xb0, 0x6a, 0x2c, 0xb3,
  0x01, 0x01, 0x00, 0x44, 0x2b, 0x2d, 0xb0, 0x6b, 0x2c, 0xb3, 0x00, 0x00,
  0x01, 0x44, 0x2b, 0x2d, 0xb0, 0x6c, 0x2c, 0xb3, 0x00, 0x01, 0x01, 0x44,
  0x2b, 0x2d, 0xb0, 0x6d, 0x2c, 0xb3, 0x01, 0x00, 0x01, 0x44, 0x2b, 0x2d,
  0xb0, 0x6e, 0x2c, 0xb3, 0x01, 0x01, 0x01, 0x44, 0x2b, 0x2d, 0xb0, 0x6f,
  0x2c, 0xb1, 0x00, 0x3c, 0x2b, 0x2e, 0xb1, 0x30, 0x01, 0x14, 0x2b, 0x2d,
  0xb0, 0x70, 0x2c, 0xb1, 0x00, 0x3c, 0x2b, 0xb0, 0x40, 0x2b, 0x2d, 0xb0,
  0x71, 0x2c, 0xb1, 0x00, 0x3c, 0x2b, 0xb0, 0x41, 0x2b, 0x2d, 0xb0, 0x72,
  0x2c, 0xb0, 0x00, 0x16, 0xb1, 0x00, 0x3c, 0x2b, 0xb0, 0x42, 0x2b, 0x2d,
  0xb0, 0x73, 0x2c, 0xb1, 0x01, 0x3c, 0x2b, 0xb0, 0x40, 0x2b, 0x2d, 0xb0,
  0x74, 0x2c, 0xb1, 0x01, 0x3c, 0x2b, 0xb0, 0x41, 0x2b, 0x2d, 0xb0, 0x75,
  0x2c, 0xb0, 0x00, 0x16, 0xb1, 0x01, 0x3c, 0x2b, 0xb0, 0x42, 0x2b, 0x2d,
  0xb0, 0x76, 0x2c, 0xb1, 0x00, 0x3d, 0x2b, 0x2e, 0xb1, 0x30, 0x01, 0x14,
  0x2b, 0x2d, 0xb0, 0x77, 0x2c, 0xb1, 0x00, 0x3d, 0x2b, 0xb0, 0x40, 0x2b,
  0x2d, 0xb0, 0x78, 0x2c, 0xb1, 0x00, 0x3d, 0x2b, 0xb0, 0x41, 0x2b, 0x2d,
  0xb0, 0x79, 0x2c, 0xb1, 0x00, 0x3d, 0x2b, 0xb0, 0x42, 0x2b, 0x2d, 0xb0,
  0x7a, 0x2c, 0xb1, 0x01, 0x3d, 0x2b, 0xb0, 0x40, 0x2b, 0x2d, 0xb0, 0x7b,
  0x2c, 0xb1, 0x01, 0x3d, 0x2b, 0xb0, 0x41, 0x2b, 0x2d, 0xb0, 0x7c, 0x2c,
  0xb1, 0x01, 0x3d, 0x2b, 0xb0, 0x42, 0x2b, 0x2d, 0xb0, 0x7d, 0x2c, 0xb1,
  0x00, 0x3e, 0x2b, 0x2e, 0xb1, 0x30, 0x01, 0x14, 0x2b, 0x2d, 0xb0, 0x7e,
  0x2c, 0xb1, 0x00, 0x3e, 0x2b, 0xb0, 0x40, 0x2b, 0x2d, 0xb0, 0x7f, 0x2c,
  0xb1, 0x00, 0x3e, 0x2b, 0xb0, 0x41, 0x2b, 0x2d, 0xb0, 0x80, 0x2c, 0xb1,
  0x00, 0x3e, 0x2b, 0xb0, 0x42, 0x2b, 0x2d, 0xb0, 0x81, 0x2c, 0xb1, 0x01,
  0x3e, 0x2b, 0xb0, 0x40, 0x2b, 0x2d, 0xb0, 0x82, 0x2c, 0xb1, 0x01, 0x3e,
  0x2b, 0xb0, 0x41, 0x2b, 0x2d, 0xb0, 0x83, 0x2c, 0xb1, 0x01, 0x3e, 0x2b,
  0xb0, 0x42, 0x2b, 0x2d, 0xb0, 0x84, 0x2c, 0xb1, 0x00, 0x3f, 0x2b, 0x2e,
  0xb1, 0x30, 0x01, 0x14, 0x2b, 0x2d, 0xb0, 0x85, 0x2c, 0xb1, 0x00, 0x3f,
  0x2b, 0xb0, 0x40, 0x2b, 0x2d, 0xb0, 0x86, 0x2c, 0xb1, 0x00, 0x3f, 0x2b,
  0xb0, 0x41, 0x2b, 0x2d, 0xb0, 0x87, 0x2c, 0xb1, 0x00, 0x3f, 0x2b, 0xb0,
  0x42, 0x2b, 0x2d, 0xb0, 0x88, 0x2c, 0xb1, 0x01, 0x3f, 0x2b, 0xb0, 0x40,
  0x2b, 0x2d, 0xb0, 0x89, 0x2c, 0xb1, 0x01, 0x3f, 0x2b, 0xb0, 0x41, 0x2b,
  0x2d, 0xb0, 0x8a, 0x2c, 0xb1, 0x01, 0x3f, 0x2b, 0xb0, 0x42, 0x2b, 0x2d,
  0xb0, 0x8b, 0x2c, 0xb2, 0x0b, 0x00, 0x03, 0x45, 0x50, 0x58, 0xb0, 0x06,
  0x1b, 0xb2, 0x04, 0x02, 0x03, 0x45, 0x58, 0x23, 0x21, 0x1b, 0x21, 0x59,
  0x59, 0x42, 0x2b, 0xb0, 0x08, 0x65, 0xb0, 0x03, 0x24, 0x50, 0x78, 0xb1,
  0x05, 0x01, 0x15, 0x45, 0x58, 0x30, 0x59, 0x2d, 0x00, 0x4b, 0xb8, 0x00,
  0xc8, 0x52, 0x58, 0xb1, 0x01, 0x01, 0x8e, 0x59, 0xb0, 0x01, 0xb9, 0x08,
  0x00, 0x08, 0x00, 0x63, 0x70, 0xb1, 0x00, 0x07, 0x42, 0x40, 0x0b, 0x93,
  0x83, 0x73, 0x00, 0x5d, 0x51, 0x00, 0x3d, 0x2d, 0x09, 0x00, 0x2a, 0xb1,
  0x00, 0x07, 0x42, 0x40, 0x14, 0x88, 0x08, 0x78, 0x08, 0x68, 0x08, 0x62,
  0x02, 0x56, 0x06, 0x4a, 0x06, 0x42, 0x04, 0x32, 0x08, 0x24, 0x07, 0x09,
  0x0a, 0x2a, 0xb1, 0x00, 0x07, 0x42, 0x40, 0x14, 0x90, 0x06, 0x80, 0x06,
  0x70, 0x06, 0x65, 0x00, 0x5c, 0x04, 0x50, 0x04, 0x46, 0x02, 0x3a, 0x06,
  0x2b, 0x05, 0x09, 0x0a, 0x2a, 0xb1, 0x00, 0x10, 0x42, 0x41, 0x0b, 0x22,
  0x40, 0x1e, 0x40, 0x1a, 0x40, 0x18, 0xc0, 0x15, 0xc0, 0x12, 0xc0, 0x10,
  0xc0, 0x0c, 0xc0, 0x09, 0x40, 0x00, 0x09, 0x00, 0x0b, 0x2a, 0xb1, 0x00,
  0x19, 0x42, 0x41, 0x0b, 0x00, 0x40, 0x00, 0x40, 0x00, 0x40, 0x00, 0x40,
  0x00, 0x40, 0x00, 0x40, 0x00, 0x40, 0x00, 0x40, 0x00, 0x40, 0x00, 0x09,
  0x00, 0x0b, 0x2a, 0xb9, 0x00, 0x03, 0x00, 0x00, 0x44, 0xb1, 0x24, 0x01,
  0x88, 0x51, 0x58, 0xb0, 0x40, 0x88, 0x58, 0xb9, 0x00, 0x03, 0x00, 0x64,
  0x44, 0xb1, 0x28, 0x01, 0x88, 0x51, 0x58, 0xb8, 0x08, 0x00, 0x88, 0x58,
  0xb9, 0x00, 0x03, 0x00, 0x00, 0x44, 0x59, 0x1b, 0xb1, 0x27, 0x01, 0x88,
  0x51, 0x58, 0xba, 0x08, 0x80, 0x00, 0x01, 0x04, 0x40, 0x88, 0x63, 0x54,
  0x58, 0xb9, 0x00, 0x03, 0x00, 0x00, 0x44, 0x59, 0x59, 0x59, 0x59, 0x59,
  0x40, 0x14, 0x8a, 0x06, 0x7a, 0x06, 0x6a, 0x06, 0x64, 0x01, 0x58, 0x04,
  0x4c, 0x04, 0x44, 0x02, 0x34, 0x06, 0x26, 0x05, 0x09, 0x0e, 0x2a, 0xb8,
  0x01, 0xff, 0x85, 0xb0, 0x04, 0x8d, 0xb1, 0x02, 0x00, 0x44, 0xb3, 0x05,
  0x64, 0x06, 0x00, 0x44, 0x44, 0x00, 0x00, 0x00, 0x00, 0x00, 0x00, 0x00,
  0x00, 0x00, 0x00, 0x00, 0x00, 0x00, 0x00, 0x00, 0x00, 0x00, 0x00, 0x00,
  0x00, 0x00, 0x00, 0x00, 0x00, 0x00, 0x00, 0x00, 0x00, 0x00, 0x00, 0x00,
  0x00, 0x00, 0x00, 0x00, 0x00, 0x00, 0x00, 0x00, 0x00, 0x00, 0x00, 0x00,
  0x00, 0x00, 0x00, 0x00, 0x00, 0x00, 0x00, 0x00, 0x00, 0x00, 0x00, 0x00,
  0x00, 0x00, 0x00, 0x00, 0x00, 0x00, 0x00, 0x00, 0x00, 0x00, 0x00, 0x00,
  0x00, 0x00, 0x00, 0x00, 0x00, 0x98, 0x00, 0x98, 0x00, 0x78, 0x00, 0x78,
  0x02, 0xca, 0x00, 0x00, 0x02, 0x22, 0x00, 0x00, 0xff, 0x10, 0x02, 0xd4,
  0xff, 0xf6, 0x02, 0x2c, 0xff, 0xf6, 0xff, 0x10, 0x00, 0x98, 0x00, 0x98,
  0x00, 0x78, 0x00, 0x78, 0x02, 0xca, 0xff, 0xf6, 0x02, 0xf8, 0x02, 0x22,
  0xff, 0xf6, 0xff, 0x10, 0x02, 0xd5, 0xff, 0xf6, 0x02, 0xfd, 0x02, 0x2c,
  0xff, 0xf6, 0xff, 0x10, 0x00, 0x95, 0x00, 0x95, 0x00, 0x73, 0x00, 0x73,
  0x02, 0x46, 0x00, 0x00, 0x02, 0x50, 0xff, 0xf8, 0x00, 0x95, 0x00, 0x95,
  0x00, 0x73, 0x00, 0x73, 0x02, 0x46, 0x02, 0x46, 0x00, 0x00, 0x00, 0x00,
  0x02, 0x46, 0x02, 0x4f, 0xff, 0xf8, 0xff, 0xf8, 0x00, 0x7b, 0x00, 0x7b,
  0x00, 0x65, 0x00, 0x65, 0x01, 0x68, 0x00, 0xee, 0xff, 0xa0, 0xff, 0x10,
  0x01, 0x68, 0x00, 0xee, 0xff, 0x9a, 0xff, 0x10, 0x00, 0x7b, 0x00, 0x7b,
  0x00, 0x65, 0x00, 0x65, 0x01, 0x1f, 0x01, 0x1f, 0x00, 0x98, 0x00, 0x98,
  0x00, 0x78, 0x00, 0x78, 0x02, 0xca, 0x00, 0x00, 0x02, 0xf8, 0x02, 0x22,
  0x00, 0x00, 0xff, 0x10, 0x02, 0xd5, 0xff, 0xf6, 0x02, 0xf8, 0x02, 0x2c,
  0xff, 0xf6, 0xff, 0x10, 0x00, 0x63, 0x00, 0x63, 0x00, 0x48, 0x00, 0x48,
  0x01, 0x2a, 0xff, 0x7e, 0x01, 0x68, 0x00, 0xe8, 0xff, 0xa0, 0xff, 0x10,
  0x01, 0x34, 0xff, 0x74, 0x01, 0x68, 0x00, 0xee, 0xff, 0x9a, 0xff, 0x10,
  0x00, 0x63, 0x00, 0x63, 0x00, 0x48, 0x00, 0x48, 0x02, 0xcb, 0x01, 0xa0,
  0x02, 0xe7, 0x02, 0x67, 0x01, 0x1f, 0x00, 0x8f, 0x02, 0xe7, 0x01, 0x96,
  0x02, 0xe7, 0x02, 0x6d, 0x01, 0x19, 0x00, 0x8f, 0x00, 0x00, 0x00, 0x07,
  0x00, 0x5a, 0x00, 0x03, 0x00, 0x01, 0x04, 0x09, 0x00, 0x00, 0x00, 0x5e,
  0x00, 0x00, 0x00, 0x03, 0x00, 0x01, 0x04, 0x09, 0x00, 0x01, 0x00, 0x12,
  0x00, 0x5e, 0x00, 0x03, 0x00, 0x01, 0x04, 0x09, 0x00, 0x02, 0x00, 0x08,
  0x00, 0x70, 0x00, 0x03, 0x00, 0x01, 0x04, 0x09, 0x00, 0x03, 0x00, 0x30,
  0x00, 0x78, 0x00, 0x03, 0x00, 0x01, 0x04, 0x09, 0x00, 0x04, 0x00, 0x1c,
  0x00, 0xa8, 0x00, 0x03, 0x00, 0x01, 0x04, 0x09, 0x00, 0x05, 0x00, 0xb0,
  0x00, 0xc4, 0x00, 0x03, 0x00, 0x01, 0x04, 0x09, 0x00, 0x06, 0x00, 0x1a,
  0x01, 0x74, 0x00, 0x43, 0x00, 0x6f, 0x00, 0x70, 0x00, 0x79, 0x00, 0x72,
  0x00, 0x69, 0x00, 0x67, 0x00, 0x68, 0x00, 0x74, 0x00, 0x20, 0x00, 0x32,
  0x00, 0x30, 0x00, 0x31, 0x00, 0x35, 0x00, 0x20, 0x00, 0x47, 0x00, 0x6f,
  0x00, 0x6f, 0x00, 0x67, 0x00, 0x6c, 0x00, 0x65, 0x00, 0x20, 0x00, 0x4c,
  0x00, 0x4c, 0x00, 0x43, 0x00, 0x2e, 0x00, 0x20, 0x00, 0x41, 0x00, 0x6c,
  0x00, 0x6c, 0x00, 0x20, 0x00, 0x52, 0x00, 0x69, 0x00, 0x67, 0x00, 0x68,
  0x00, 0x74, 0x00, 0x73, 0x00, 0x20, 0x00, 0x52, 0x00, 0x65, 0x00, 0x73,
  0x00, 0x65, 0x00, 0x72, 0x00, 0x76, 0x00, 0x65, 0x00, 0x64, 0x00, 0x2e,
  0x00, 0x4e, 0x00, 0x6f, 0x00, 0x74, 0x00, 0x6f, 0x00, 0x20, 0x00, 0x53,
  0x00, 0x61, 0x00, 0x6e, 0x00, 0x73, 0x00, 0x42, 0x00, 0x6f, 0x00, 0x6c,
  0x00, 0x64, 0x00, 0x32, 0x00, 0x2e, 0x00, 0x30, 0x00, 0x30, 0x00, 0x34,
  0x00, 0x3b, 0x00, 0x47, 0x00, 0x4f, 0x00, 0x4f, 0x00, 0x47, 0x00, 0x3b,
  0x00, 0x4e, 0x00, 0x6f, 0x00, 0x74, 0x00, 0x6f, 0x00, 0x53, 0x00, 0x61,
  0x00, 0x6e, 0x00, 0x73, 0x00, 0x2d, 0x00, 0x42, 0x00, 0x6f, 0x00, 0x6c,
  0x00, 0x64, 0x00, 0x4e, 0x00, 0x6f, 0x00, 0x74, 0x00, 0x6f, 0x00, 0x20,
  0x00, 0x53, 0x00, 0x61, 0x00, 0x6e, 0x00, 0x73, 0x00, 0x20, 0x00, 0x42,
  0x00, 0x6f, 0x00, 0x6c, 0x00, 0x64, 0x00, 0x56, 0x00, 0x65, 0x00, 0x72,
  0x00, 0x73, 0x00, 0x69, 0x00, 0x6f, 0x00, 0x6e, 0x00, 0x20, 0x00, 0x32,
  0x00, 0x2e, 0x00, 0x30, 0x00, 0x30, 0x00, 0x34, 0x00, 0x3b, 0x00, 0x20,
  0x00, 0x74, 0x00, 0x74, 0x00, 0x66, 0x00, 0x61, 0x00, 0x75, 0x00, 0x74,
  0x00, 0x6f, 0x00, 0x68, 0x00, 0x69, 0x00, 0x6e, 0x00, 0x74, 0x00, 0x20,
  0x00, 0x28, 0x00, 0x76, 0x00, 0x31, 0x00, 0x2e, 0x00, 0x38, 0x00, 0x2e,
  0x00, 0x33, 0x00, 0x29, 0x00, 0x20, 0x00, 0x2d, 0x00, 0x6c, 0x00, 0x20,
  0x00, 0x38, 0x00, 0x20, 0x00, 0x2d, 0x00, 0x72, 0x00, 0x20, 0x00, 0x35,
  0x00, 0x30, 0x00, 0x20, 0x00, 0x2d, 0x00, 0x47, 0x00, 0x20, 0x00, 0x32,
  0x00, 0x30, 0x00, 0x30, 0x00, 0x20, 0x00, 0x2d, 0x00, 0x78, 0x00, 0x20,
  0x00, 0x31, 0x00, 0x34, 0x00, 0x20, 0x00, 0x2d, 0x00, 0x44, 0x00, 0x20,
  0x00, 0x6c, 0x00, 0x61, 0x00, 0x74, 0x00, 0x6e, 0x00, 0x20, 0x00, 0x2d,
  0x00, 0x66, 0x00, 0x20, 0x00, 0x6e, 0x00, 0x6f, 0x00, 0x6e, 0x00, 0x65,
  0x00, 0x20, 0x00, 0x2d, 0x00, 0x61, 0x00, 0x20, 0x00, 0x71, 0x00, 0x73,
  0x00, 0x71, 0x00, 0x20, 0x00, 0x2d, 0x00, 0x58, 0x00, 0x20, 0x00, 0x22,
  0x00, 0x22, 0x00, 0x4e, 0x00, 0x6f, 0x00, 0x74, 0x00, 0x6f, 0x00, 0x53,
  0x00, 0x61, 0x00, 0x6e, 0x00, 0x73, 0x00, 0x2d, 0x00, 0x42, 0x00, 0x6f,
  0x00, 0x6c, 0x00, 0x64, 0x00, 0x03, 0x00, 0x00, 0x00, 0x00, 0x00, 0x00,
  0xff, 0x9c, 0x00, 0x32, 0x00, 0x00, 0x00, 0x00, 0x00, 0x00, 0x00, 0x00,
  0x00, 0x00, 0x00, 0x00, 0x00, 0x00, 0x00, 0x00, 0x00, 0x00, 0x00, 0x00,
  0x00, 0x01, 0x00, 0x01, 0xff, 0xff, 0x00, 0x0f, 0x00, 0x01, 0x00, 0x00,
  0x00, 0x0c, 0x00, 0x00, 0x00, 0x22, 0x00, 0x00, 0x00, 0x02, 0x00, 0x03,
  0x00, 0x22, 0x00, 0x3b, 0x00, 0x01, 0x00, 0x42, 0x00, 0x5b, 0x00, 0x01,
  0x00, 0x6b, 0x00, 0x6f, 0x00, 0x02, 0x00, 0x0e, 0x00, 0x05, 0x00, 0x18,
  0x00, 0x18, 0x00, 0x18, 0x00, 0x20, 0x00, 0x20, 0x00, 0x02, 0x00, 0x01,
  0x00, 0x6b, 0x00, 0x6f, 0x00, 0x00, 0x00, 0x01, 0x00, 0x04, 0x00, 0x01,
  0x01, 0x2d, 0x00, 0x02, 0x00, 0x06, 0x00, 0x0a, 0x00, 0x01, 0x01, 0x3b,
  0x00, 0x01, 0x02, 0x77, 0x00, 0x01, 0x00, 0x00, 0x00, 0x0a, 0x00, 0x30,
  0x00, 0x3e, 0x00, 0x04, 0x44, 0x46, 0x4c, 0x54, 0x00, 0x1a, 0x63, 0x79,
  0x72, 0x6c, 0x00, 0x1a, 0x67, 0x72, 0x65, 0x6b, 0x00, 0x1a, 0x6c, 0x61,
  0x74, 0x6e, 0x00, 0x1a, 0x00, 0x04, 0x00, 0x00, 0x00, 0x00, 0xff, 0xff,
  0x00, 0x01, 0x00, 0x00, 0x00, 0x01, 0x6b, 0x65, 0x72, 0x6e, 0x00, 0x08,
  0x00, 0x00, 0x00, 0x01, 0x00, 0x00, 0x00, 0x01, 0x00, 0x04, 0x00, 0x02,
  0x00, 0x08, 0x00, 0x02, 0x00, 0x0a, 0x00, 0xf6, 0x00, 0x01, 0x00, 0x34,
  0x00, 0x04, 0x00, 0x00, 0x00, 0x15, 0x00, 0x62, 0x00, 0xe2, 0x00, 0x74,
  0x00, 0x7a, 0x00, 0xb2, 0x00, 0x84, 0x00, 0x8a, 0x00, 0xb2, 0x00, 0xa8,
  0x00, 0xb2, 0x00, 0xb8, 0x00, 0xdc, 0x00, 0xdc, 0x00, 0xc2, 0x00, 0xe2,
  0x00, 0xcc, 0x00, 0xd2, 0x00, 0xdc, 0x00, 0xdc, 0x00, 0xdc, 0x00, 0xe2,
  0x00, 0x01, 0x00, 0x15, 0x00, 0x07, 0x00, 0x09, 0x00, 0x22, 0x00, 0x23,
  0x00, 0x25, 0x00, 0x26, 0x00, 0x27, 0x00, 0x30, 0x00, 0x31, 0x00, 0x32,
  0x00, 0x35, 0x00, 0x37, 0x00, 0x38, 0x00, 0x3a, 0x00, 0x3c, 0x00, 0x40,
  0x00, 0x44, 0x00, 0x57, 0x00, 0x58, 0x00, 0x5a, 0x00, 0x5c, 0x00, 0x04,
  0x00, 0x35, 0xff, 0xc4, 0x00, 0x37, 0xff, 0xec, 0x00, 0x38, 0xff, 0xec,
  0x00, 0x3a, 0xff, 0xe2, 0x00, 0x01, 0x00, 0x2b, 0x00, 0x32, 0x00, 0x02,
  0x00, 0x0d, 0xff, 0xf6, 0x00, 0x0f, 0xff, 0xf6, 0x00, 0x01, 0x00, 0x2b,
  0x00, 0x3c, 0x00, 0x07, 0x00, 0x0a, 0x00, 0x14, 0x00, 0x0d, 0xff, 0xc4,
  0x00, 0x0f, 0xff, 0xc4, 0x00, 0x20, 0x00, 0x14, 0x00, 0x22, 0xff, 0xec,
  0x00, 0x3e, 0x00, 0x14, 0x00, 0x5e, 0x00, 0x14, 0x00, 0x02, 0x00, 0x07,
  0xff, 0xf6, 0x00, 0x39, 0xff, 0xec, 0x00, 0x01, 0x00, 0x39, 0xff, 0xec,
  0x00, 0x02, 0x00, 0x07, 0xff, 0xec, 0x00, 0x20, 0x00, 0x14, 0x00, 0x02,
  0x00, 0x07, 0xff, 0xe2, 0x00, 0x20, 0x00, 0x14, 0x00, 0x01, 0x00, 0x2b,
  0x00, 0x5a, 0x00, 0x02, 0x00, 0x03, 0x00, 0x14, 0x00, 0x08, 0x00, 0x14,
  0x00, 0x01, 0x00, 0x20, 0x00, 0x14, 0x00, 0x02, 0x00, 0x2b, 0x00, 0x5a,
  0x00, 0x4b, 0x00, 0x28, 0x00, 0x02, 0x03, 0xd8, 0x00, 0x04, 0x00, 0x00,
  0x04, 0x26, 0x04, 0xde, 0x00, 0x16, 0x00, 0x16, 0x00, 0x00, 0x00, 0x00,
  0x00, 0x00, 0x00, 0x00, 0x00, 0x00, 0x00, 0x00, 0x00, 0x00, 0xff, 0xec,
  0x00, 0x00, 0x00, 0x00, 0x00, 0x00, 0x00, 0x00, 0x00, 0x00, 0x00, 0x00,
  0x00, 0x00, 0x00, 0x00, 0x00, 0x00, 0xff, 0xf6, 0xff, 0xf6, 0x00, 0x00,
  0x00, 0x00, 0x00, 0x00, 0x00, 0x00, 0x00, 0x00, 0x00, 0x00, 0x00, 0x00,
  0x00, 0x00, 0x00, 0x00, 0x00, 0x00, 0x00, 0x00, 0x00, 0x00, 0x00, 0x00,
  0x00, 0x00, 0x00, 0x00, 0x00, 0x00, 0x00, 0x00, 0x00, 0x00, 0x00, 0x00,
  0x00, 0x00, 0x00, 0x00, 0xff, 0xf6, 0x00, 0x00, 0x00, 0x00, 0x00, 0x00,
  0x00, 0x00, 0x00, 0x00, 0x00, 0x00, 0x00, 0x00, 0x00, 0x00, 0xff, 0xec,
  0x00, 0x00, 0x00, 0x00, 0x00, 0x00, 0xff, 0xf6, 0x00, 0x00, 0xff, 0xf6,
  0x00, 0x00, 0x00, 0x00, 0x00, 0x00, 0xff, 0xd8, 0xff, 0xe2, 0x00, 0x00,
  0x00, 0x00, 0x00, 0x00, 0xff, 0xf6, 0x00, 0x00, 0x00, 0x00, 0x00, 0x00,
  0xff, 0xec, 0x00, 0x00, 0x00, 0x00, 0x00, 0x00, 0x00, 0x00, 0x00, 0x00,
  0x00, 0x00, 0xff, 0xc4, 0x00, 0x00, 0xff, 0xd8, 0x00, 0x00, 0x00, 0x00,
  0x00, 0x00, 0x00, 0x00, 0xff, 0xba, 0x00, 0x00, 0xff, 0xba, 0x00, 0x00,
  0x00, 0x00, 0x00, 0x00, 0x00, 0x00, 0x00, 0x00, 0x00, 0x00, 0x00, 0x00,
  0x00, 0x00, 0x00, 0x00, 0x00, 0x00, 0x00, 0x00, 0x00, 0x00, 0x00, 0x00,
  0x00, 0x00, 0x00, 0x00, 0x00, 0x00, 0x00, 0x00, 0x00, 0x00, 0x00, 0x00,
  0x00, 0x00, 0x00, 0x00, 0x00, 0x00, 0x00, 0x00, 0x00, 0x00, 0x00, 0x00,
  0x00, 0x00, 0x00, 0x00, 0x00, 0x00, 0x00, 0x00, 0x00, 0x00, 0x00, 0x00,
  0x00, 0x00, 0x00, 0x00, 0x00, 0x00, 0x00, 0x00, 0x00, 0x00, 0x00, 0x00,
  0x00, 0x00, 0x00, 0x00, 0x00, 0x00, 0xff, 0xd8, 0x00, 0x00, 0x00, 0x00,
  0x00, 0x28, 0x00, 0x00, 0x00, 0x00, 0x00, 0x00, 0x00, 0x00, 0x00, 0x00,
  0x00, 0x00, 0x00, 0x00, 0x00, 0x00, 0xff, 0xf6, 0x00, 0x00, 0x00, 0x00,
  0x00, 0x00, 0x00, 0x00, 0x00, 0x00, 0x00, 0x00, 0x00, 0x00, 0x00, 0x00,
  0x00, 0x00, 0xff, 0xec, 0x00, 0x00, 0x00, 0x00, 0x00, 0x00, 0x00, 0x00,
  0x00, 0x00, 0x00, 0x00, 0x00, 0x00, 0xff, 0xce, 0xff, 0xec, 0xff, 0xe2,
  0xff, 0xce, 0xff, 0xc4, 0x00, 0x00, 0x00, 0x00, 0x00, 0x00, 0x00, 0x00,
  0x00, 0x00, 0x00, 0x00, 0x00, 0x00, 0xff, 0xd8, 0xff, 0xce, 0xff, 0xc4,
  0x00, 0x00, 0xff, 0xec, 0x00, 0x00, 0x00, 0x00, 0x00, 0x00, 0x00, 0x00,
  0x00, 0x00, 0xff, 0xc4, 0x00, 0x00, 0xff, 0xe2, 0xff, 0xd8, 0xff, 0xba,
  0x00, 0x00, 0x00, 0x00, 0x00, 0x00, 0x00, 0x0a, 0x00, 0x00, 0x00, 0x14,
  0x00, 0x00, 0xff, 0xe2, 0xff, 0xe2, 0x00, 0x00, 0x00, 0x14, 0x00, 0x00,
  0x00, 0x00, 0x00, 0x00, 0x00, 0x00, 0x00, 0x00, 0x00, 0x00, 0xff, 0xec,
  0xff, 0xf6, 0xff, 0xf6, 0xff, 0xec, 0xff, 0xd8, 0x00, 0x00, 0x00, 0x00,
  0x00, 0x00, 0x00, 0x00, 0x00, 0x00, 0x00, 0x00, 0x00, 0x00, 0xff, 0xf6,
  0xff, 0xf6, 0xff, 0xce, 0x00, 0x00, 0x00, 0x00, 0x00, 0x00, 0x00, 0x00,
  0x00, 0x00, 0x00, 0x00, 0x00, 0x00, 0x00, 0x00, 0xff, 0xec, 0x00, 0x00,
  0x00, 0x00, 0x00, 0x00, 0xff, 0xf6, 0x00, 0x00, 0x00, 0x00, 0xff, 0xe2,
  0x00, 0x00, 0xff, 0xec, 0x00, 0x00, 0x00, 0x00, 0x00, 0x00, 0x00, 0x00,
  0xff, 0xec, 0x00, 0x00, 0xff, 0xb0, 0x00, 0x00, 0x00, 0x00, 0x00, 0x00,
  0x00, 0x00, 0x00, 0x00, 0xff, 0xec, 0x00, 0x00, 0x00, 0x00, 0x00, 0x00,
  0x00, 0x00, 0x00, 0x00, 0x00, 0x00, 0x00, 0x00, 0x00, 0x00, 0x00, 0x00,
  0x00, 0x00, 0x00, 0x00, 0x00, 0x00, 0x00, 0x00, 0x00, 0x00, 0x00, 0x00,
  0x00, 0x00, 0x00, 0x00, 0x00, 0x00, 0x00, 0x00, 0x00, 0x00, 0x00, 0x00,
  0x00, 0x00, 0x00, 0x00, 0x00, 0x00, 0x00, 0x00, 0x00, 0x00, 0x00, 0x00,
  0x00, 0x00, 0x00, 0x00, 0x00, 0x00, 0x00, 0x00, 0x00, 0x00, 0x00, 0x00,
  0x00, 0x00, 0x00, 0x00, 0x00, 0x00, 0x00, 0x00, 0x00, 0x14, 0x00, 0x00,
  0x00, 0x00, 0x00, 0x00, 0x00, 0x00, 0xff, 0xba, 0xff, 0xec, 0xff, 0xce,
  0xff, 0xb0, 0xff, 0xba, 0x00, 0x00, 0xff, 0xec, 0x00, 0x00, 0x00, 0x00,
  0x00, 0x00, 0x00, 0x00, 0x00, 0x00, 0xff, 0xc4, 0xff, 0xba, 0xff, 0xc4,
  0x00, 0x14, 0xff, 0xd8, 0x00, 0x00, 0xff, 0xd8, 0x00, 0x00, 0x00, 0x00,
  0x00, 0x00, 0xff, 0xec, 0x00, 0x00, 0x00, 0x00, 0xff, 0xec, 0x00, 0x00,
  0x00, 0x00, 0x00, 0x00, 0x00, 0x00, 0x00, 0x00, 0x00, 0x00, 0x00, 0x00,
  0x00, 0x00, 0x00, 0x00, 0xff, 0xf6, 0xff, 0x9c, 0x00, 0x00, 0x00, 0x00,
  0x00, 0x28, 0x00, 0x00, 0x00, 0x00, 0x00, 0x00, 0x00, 0x00, 0x00, 0x00,
  0x00, 0x00, 0x00, 0x00, 0x00, 0x00, 0x00, 0x00, 0x00, 0x00, 0x00, 0x00,
  0x00, 0x00, 0x00, 0x00, 0x00, 0x00, 0x00, 0x00, 0x00, 0x00, 0x00, 0x00,
  0x00, 0x00, 0x00, 0x00, 0xff, 0xd8, 0x00, 0x00, 0x00, 0x00, 0x00, 0x00,
  0x00, 0x00, 0x00, 0x00, 0x00, 0x00, 0x00, 0x00, 0xff, 0xce, 0x00, 0x00,
  0x00, 0x00, 0x00, 0x00, 0xff, 0xec, 0x00, 0x00, 0x00, 0x00, 0xff, 0xc4,
  0x00, 0x00, 0xff, 0xc4, 0x00, 0x00, 0x00, 0x00, 0x00, 0x00, 0x00, 0x00,
  0xff, 0xba, 0x00, 0x00, 0x00, 0x00, 0x00, 0x00, 0x00, 0x00, 0x00, 0x00,
  0x00, 0x00, 0x00, 0x00, 0xff, 0xf6, 0x00, 0x00, 0x00, 0x00, 0x00, 0x00,
  0x00, 0x00, 0x00, 0x00, 0x00, 0x00, 0x00, 0x00, 0x00, 0x00, 0x00, 0x00,
  0x00, 0x00, 0x00, 0x00, 0x00, 0x00, 0x00, 0x00, 0x00, 0x00, 0x00, 0x00,
  0x00, 0x00, 0x00, 0x00, 0x00, 0x00, 0x00, 0x00, 0x00, 0x00, 0x00, 0x00,
  0xff, 0xec, 0x00, 0x00, 0x00, 0x00, 0x00, 0x00, 0x00, 0x00, 0x00, 0x00,
  0x00, 0x00, 0x00, 0x00, 0x00, 0x00, 0x00, 0x00, 0x00, 0x00, 0x00, 0x00,
  0x00, 0x00, 0x00, 0x00, 0x00, 0x00, 0x00, 0x00, 0x00, 0x00, 0x00, 0x00,
  0x00, 0x00, 0x00, 0x00, 0x00, 0x00, 0xff, 0xec, 0x00, 0x00, 0x00, 0x00,
  0x00, 0x00, 0x00, 0x00, 0x00, 0x00, 0x00, 0x00, 0x00, 0x00, 0x00, 0x00,
  0x00, 0x00, 0x00, 0x00, 0x00, 0x00, 0x00, 0x00, 0x00, 0x00, 0x00, 0x00,
  0x00, 0x00, 0x00, 0x00, 0x00, 0x00, 0x00, 0x00, 0x00, 0x00, 0x00, 0x00,
  0x00, 0x00, 0x00, 0x00, 0x00, 0x00, 0x00, 0x00, 0x00, 0x00, 0x00, 0x00,
  0x00, 0x00, 0x00, 0x00, 0x00, 0x00, 0x00, 0x00, 0x00, 0x00, 0x00, 0x00,
  0x00, 0x00, 0x00, 0x00, 0x00, 0x00, 0xff, 0xec, 0x00, 0x00, 0x00, 0x00,
  0x00, 0x3c, 0x00, 0x00, 0x00, 0x00, 0x00, 0x28, 0x00, 0x00, 0x00, 0x00,
  0x00, 0x00, 0x00, 0x00, 0x00, 0x00, 0xff, 0xce, 0x00, 0x00, 0x00, 0x00,
  0x00, 0x00, 0x00, 0x00, 0x00, 0x00, 0x00, 0x00, 0x00, 0x00, 0x00, 0x00,
  0x00, 0x00, 0xff, 0x7e, 0x00, 0x00, 0x00, 0x00, 0x00, 0x00, 0x00, 0x00,
  0xff, 0xf6, 0x00, 0x00, 0x00, 0x01, 0x00, 0x25, 0x00, 0x03, 0x00, 0x08,
  0x00, 0x0d, 0x00, 0x0e, 0x00, 0x0f, 0x00, 0x22, 0x00, 0x24, 0x00, 0x25,
  0x00, 0x26, 0x00, 0x2c, 0x00, 0x2d, 0x00, 0x30, 0x00, 0x31, 0x00, 0x32,
  0x00, 0x35, 0x00, 0x36, 0x00, 0x37, 0x00, 0x38, 0x00, 0x39, 0x00, 0x3a,
  0x00, 0x3b, 0x00, 0x42, 0x00, 0x43, 0x00, 0x46, 0x00, 0x47, 0x00, 0x49,
  0x00, 0x4e, 0x00, 0x4f, 0x00, 0x50, 0x00, 0x51, 0x00, 0x53, 0x00, 0x55,
  0x00, 0x57, 0x00, 0x58, 0x00, 0x59, 0x00, 0x5a, 0x00, 0x6b, 0x00, 0x02,
  0x00, 0x1e, 0x00, 0x03, 0x00, 0x03, 0x00, 0x08, 0x00, 0x08, 0x00, 0x08,
  0x00, 0x08, 0x00, 0x0d, 0x00, 0x0d, 0x00, 0x10, 0x00, 0x0e, 0x00, 0x0e,
  0x00, 0x0f, 0x00, 0x0f, 0x00, 0x0f, 0x00, 0x10, 0x00, 0x22, 0x00, 0x22,
  0x00, 0x03, 0x00, 0x24, 0x00, 0x24, 0x00, 0x0b, 0x00, 0x25, 0x00, 0x25,
  0x00, 0x02, 0x00, 0x26, 0x00, 0x26, 0x00, 0x04, 0x00, 0x2c, 0x00, 0x2c,
  0x00, 0x12, 0x00, 0x2d, 0x00, 0x2d, 0x00, 0x0a, 0x00, 0x30, 0x00, 0x30,
  0x00, 0x02, 0x00, 0x31, 0x00, 0x31, 0x00, 0x15, 0x00, 0x32, 0x00, 0x32,
  0x00, 0x02, 0x00, 0x35, 0x00, 0x35, 0x00, 0x0d, 0x00, 0x36, 0x00, 0x36,
  0x00, 0x06, 0x00, 0x37, 0x00, 0x38, 0x00, 0x09, 0x00, 0x39, 0x00, 0x39,
  0x00, 0x12, 0x00, 0x3a, 0x00, 0x3a, 0x00, 0x07, 0x00, 0x3b, 0x00, 0x3b,
  0x00, 0x11, 0x00, 0x42, 0x00, 0x42, 0x00, 0x01, 0x00, 0x47, 0x00, 0x47,
  0x00, 0x14, 0x00, 0x49, 0x00, 0x49, 0x00, 0x01, 0x00, 0x4e, 0x00, 0x4f,
  0x00, 0x01, 0x00, 0x53, 0x00, 0x53, 0x00, 0x0e, 0x00, 0x55, 0x00, 0x55,
  0x00, 0x0c, 0x00, 0x57, 0x00, 0x58, 0x00, 0x05, 0x00, 0x59, 0x00, 0x59,
  0x00, 0x13, 0x00, 0x5a, 0x00, 0x5a, 0x00, 0x05, 0x00, 0x6b, 0x00, 0x6b,
  0x00, 0x14, 0x00, 0x02, 0x00, 0x24, 0x00, 0x03, 0x00, 0x03, 0x00, 0x12,
  0x00, 0x08, 0x00, 0x08, 0x00, 0x12, 0x00, 0x0a, 0x00, 0x0a, 0x00, 0x15,
  0x00, 0x0d, 0x00, 0x0d, 0x00, 0x0f, 0x00, 0x0e, 0x00, 0x0e, 0x00, 0x13,
  0x00, 0x0f, 0x00, 0x0f, 0x00, 0x0f, 0x00, 0x22, 0x00, 0x22, 0x00, 0x05,
  0x00, 0x24, 0x00, 0x24, 0x00, 0x02, 0x00, 0x28, 0x00, 0x28, 0x00, 0x02,
  0x00, 0x30, 0x00, 0x30, 0x00, 0x02, 0x00, 0x32, 0x00, 0x32, 0x00, 0x02,
  0x00, 0x35, 0x00, 0x35, 0x00, 0x10, 0x00, 0x36, 0x00, 0x36, 0x00, 0x06,
  0x00, 0x37, 0x00, 0x38, 0x00, 0x0b, 0x00, 0x3a, 0x00, 0x3a, 0x00, 0x09,
  0x00, 0x3b, 0x00, 0x3b, 0x00, 0x14, 0x00, 0x3e, 0x00, 0x3e, 0x00, 0x15,
  0x00, 0x42, 0x00, 0x42, 0x00, 0x04, 0x00, 0x43, 0x00, 0x43, 0x00, 0x08,
  0x00, 0x44, 0x00, 0x46, 0x00, 0x01, 0x00, 0x47, 0x00, 0x47, 0x00, 0x0a,
  0x00, 0x48, 0x00, 0x48, 0x00, 0x0e, 0x00, 0x49, 0x00, 0x49, 0x00, 0x08,
  0x00, 0x4c, 0x00, 0x4d, 0x00, 0x08, 0x00, 0x4e, 0x00, 0x4f, 0x00, 0x03,
  0x00, 0x50, 0x00, 0x50, 0x00, 0x01, 0x00, 0x51, 0x00, 0x51, 0x00, 0x03,
  0x00, 0x52, 0x00, 0x52, 0x00, 0x01, 0x00, 0x53, 0x00, 0x53, 0x00, 0x03,
  0x00, 0x54, 0x00, 0x54, 0x00, 0x0d, 0x00, 0x55, 0x00, 0x55, 0x00, 0x0c,
  0x00, 0x56, 0x00, 0x56, 0x00, 0x03, 0x00, 0x57, 0x00, 0x5a, 0x00, 0x07,
  0x00, 0x5b, 0x00, 0x5b, 0x00, 0x11, 0x00, 0x5e, 0x00, 0x5e, 0x00, 0x15,
  0x00, 0x6b, 0x00, 0x6f, 0x00, 0x0a, 0x00, 0x00, 0x00, 0x01, 0x00, 0x00,
  0x00, 0x0a, 0x00, 0x36, 0x00, 0x6c, 0x00, 0x04, 0x44, 0x46, 0x4c, 0x54,
  0x00, 0x1a, 0x63, 0x79, 0x72, 0x6c, 0x00, 0x1a, 0x67, 0x72, 0x65, 0x6b,
  0x00, 0x1a, 0x6c, 0x61, 0x74, 0x6e, 0x00, 0x1a, 0x00, 0x04, 0x00, 0x00,
  0x00, 0x00, 0xff, 0xff, 0x00, 0x04, 0x00, 0x00, 0x00, 0x01, 0x00, 0x02,
  0x00, 0x03, 0x00, 0x04, 0x64, 0x6e, 0x6f, 0x6d, 0x00, 0x1a, 0x66, 0x72,
  0x61, 0x63, 0x00, 0x20, 0x6c, 0x69, 0x67, 0x61, 0x00, 0x2a, 0x6e, 0x75,
  0x6d, 0x72, 0x00, 0x30, 0x00, 0x00, 0x00, 0x01, 0x00, 0x01, 0x00, 0x00,
  0x00, 0x03, 0x00, 0x02, 0x00, 0x03, 0x00, 0x04, 0x00, 0x00, 0x00, 0x01,
  0x00, 0x07, 0x00, 0x00, 0x00, 0x01, 0x00, 0x00, 0x00, 0x08, 0x00, 0x34,
  0x00, 0x12, 0x00, 0x20, 0x00, 0x34, 0x00, 0x4c, 0x00, 0x8a, 0x00, 0x8a,
  0x00, 0xa2, 0x00, 0x01, 0x00, 0x00, 0x00, 0x01, 0x00, 0x08, 0x00, 0x01,
  0x00, 0x28, 0x00, 0x5f, 0x00, 0x01, 0x00, 0x00, 0x00, 0x01, 0x00, 0x08,
  0x00, 0x01, 0x00, 0x06, 0x00, 0x53, 0x00, 0x01, 0x00, 0x01, 0x00, 0x10,
  0x00, 0x01, 0x00, 0x00, 0x00, 0x01, 0x00, 0x08, 0x00, 0x01, 0x00, 0x06,
  0x00, 0x69, 0x00, 0x02, 0x00, 0x01, 0x00, 0x11, 0x00, 0x1a, 0x00, 0x00,
  0x00, 0x06, 0x00, 0x00, 0x00, 0x02, 0x00, 0x0a, 0x00, 0x22, 0x00, 0x03,
  0x00, 0x01, 0x00, 0x12, 0x00, 0x01, 0x00, 0x42, 0x00, 0x00, 0x00, 0x01,
  0x00, 0x00, 0x00, 0x05, 0x00, 0x01, 0x00, 0x01, 0x00, 0x63, 0x00, 0x03,
  0x00, 0x01, 0x00, 0x12, 0x00, 0x01, 0x00, 0x2a, 0x00, 0x00, 0x00, 0x01,
  0x00, 0x00, 0x00, 0x06, 0x00, 0x02, 0x00, 0x01, 0x00, 0x70, 0x00, 0x79,
  0x00, 0x00, 0x00, 0x01, 0x00, 0x00, 0x00, 0x01, 0x00, 0x08, 0x00, 0x01,
  0x00, 0x06, 0xff, 0xf6, 0x00, 0x02, 0x00, 0x01, 0x00, 0x7a, 0x00, 0x83,
  0x00, 0x00, 0x00, 0x04, 0x00, 0x00, 0x00, 0x01, 0x00, 0x08, 0x00, 0x01,
  0x00, 0x36, 0x00, 0x01, 0x00, 0x08, 0x00, 0x05, 0x00, 0x0c, 0x00, 0x14,
  0x00, 0x1c, 0x00, 0x22, 0x00, 0x28, 0x00, 0x6e, 0x00, 0x03, 0x00, 0x47,
  0x00, 0x4a, 0x00, 0x6f, 0x00, 0x03, 0x00, 0x47, 0x00, 0x4d, 0x00, 0x6b,
  0x00, 0x02, 0x00, 0x47, 0x00, 0x6c, 0x00, 0x02, 0x00, 0x4a, 0x00, 0x6d,
  0x00, 0x02, 0x00, 0x4d, 0x00, 0x01, 0x00, 0x01, 0x00, 0x47, 0x00, 0x00
};
